source,reference,titre,offre,type_bien,localisation,prix,piece,surface,url
CoinAfrique,5795729,Terrain 1 lot  -Yokoe,,Terrain,Tino businessMembre depuis7 années19 Annonces,30 000 000 CFA,,1,https://tg.coinafrique.com/annonce/terrains/terrain-1-lot-yokoe-5795729
CoinAfrique,5782558,Terrain 1/2 lot - Agoè,,Terrain,PASCAL-GROUP IMMOBILIERTogo2264 Annonces,15 000 000 CFA,,2,https://tg.coinafrique.com/annonce/terrains/terrain-1-2-lot-agoe-5782558
CoinAfrique,5789057,Vente maison locative à Legbassito,vendre,,PASCAL-GROUP IMMOBILIERTogo2264 Annonces,55 000 000 CFA,,,https://tg.coinafrique.com/annonce/villas/vente-maison-locative-a-legbassito-5789057
CoinAfrique,5794143,"Vente villa R+1 derrière le CEG TOTSI,",vendre,Villa,PASCAL-GROUP IMMOBILIERTogo2264 Annonces,65 000 000 CFA,,,https://tg.coinafrique.com/annonce/villas/vente-villa-r1-derriere-le-ceg-totsi-5794143
CoinAfrique,5784567,Terrain 1 lot à Agbalépédo losso-simé,,Terrain,PASCAL-GROUP IMMOBILIERTogo2264 Annonces,60 000 000 CFA,,1,https://tg.coinafrique.com/annonce/terrains/terrain-1-lot-a-agbalepedo-losso-sime-5784567
CoinAfrique,5796227,Terrain  4 lots -  Adidopgomé,,Terrain,PASCAL-GROUP IMMOBILIERTogo2264 Annonces,80 000 000 CFA,,4,https://tg.coinafrique.com/annonce/terrains/terrain-4-lots-adidopgome-5796227
CoinAfrique,5783825,Terrain 25ha Klogname,,Terrain,PASCAL-GROUP IMMOBILIERTogo2264 Annonces,3 500 000 CFA,,,https://tg.coinafrique.com/annonce/terrains/terrain-25ha-klogname-5783825
CoinAfrique,5800562,Terrain 1lot angle rue TF Agbalepedo-Protestant,,Terrain,ANGEL'S OF SKY CONSTRUCTION IMTogo50 Annonces,80 000 000 CFA,,1,https://tg.coinafrique.com/annonce/terrains/terrain-1lot-angle-rue-tf-agbalepedo-protestant-5800562
CoinAfrique,5793702,Vente immeuble à  Agoè Légbassito,vendre,Immeuble,PASCAL-GROUP IMMOBILIERTogo2264 Annonces,80 000 000 CFA,,,https://tg.coinafrique.com/annonce/villas/vente-immeuble-a-agoe-legbassito-5793702
CoinAfrique,5539701,Location appartement  Agbavi non loin des rails côté plage,louer,Appartement,BG&ASSOCIÉ IMMOBILIER BMembre depuis2 années253 Annonces,150 000 CFA,,,https://tg.coinafrique.com/annonce/appartements/location-appartement-agbavi-non-loin-des-rails-cote-plage-5539701
CoinAfrique,5767269,Location villa duplex 5 pièces piscine et jardin Totsi,louer,Villa,FRANCO IMMOBILIERTogo1397 Annonces,2 000 000 CFA,5,,https://tg.coinafrique.com/annonce/villas/location-villa-duplex-5-pieces-piscine-et-jardin-totsi-5767269
CoinAfrique,5764349,Vente maison - Adidogomé ségbé,vendre,,FRANCO IMMOBILIERTogo1397 Annonces,35 000 000 CFA,,,https://tg.coinafrique.com/annonce/villas/vente-maison-adidogome-segbe-5764349
CoinAfrique,5764356,Terrain 1 lot - Nukafu,,Terrain,FRANCO IMMOBILIERTogo1397 Annonces,60 000 000 CFA,,1,https://tg.coinafrique.com/annonce/terrains/terrain-1-lot-nukafu-5764356
CoinAfrique,5794938,Terrain 2 lots  angle rue avec titre foncier personnel à Adetikopé lycée,,Terrain,2A ImmobilierTogo136 Annonces,25 000 000 CFA,,2,https://tg.coinafrique.com/annonce/terrains/terrain-2-lots-angle-rue-avec-titre-foncier-personnel-a-adetikope-lycee-5794938
CoinAfrique,5779079,Location villa 3 pièces - Agoe Total État Major,louer,Villa,NAGOBA SERVICES TOGOTogo2886 Annonces,150 000 CFA,3,,https://tg.coinafrique.com/annonce/villas/location-villa-3-pieces-agoe-total-etat-major-5779079
CoinAfrique,5783115,Terrain 1 lot avec titre foncier à Agoè assiyeye poste,,Terrain,2A ImmobilierTogo136 Annonces,42 000 000 CFA,,1,https://tg.coinafrique.com/annonce/terrains/terrain-1-lot-avec-titre-foncier-a-agoe-assiyeye-poste-5783115
CoinAfrique,5785215,Terrain 1/2 lot - Agoé,,Terrain,2A ImmobilierTogo136 Annonces,28 000 000 CFA,,2,https://tg.coinafrique.com/annonce/terrains/terrain-1-2-lot-agoe-5785215
CoinAfrique,5794882,Vente hôtel avec piscine sur 2 lot au bord du goudron vue sur la mer - Alogavi,vendre,,2A ImmobilierTogo136 Annonces,600 000 000 CFA,,2,https://tg.coinafrique.com/annonce/bureaux-et-commerces/vente-hotel-avec-piscine-sur-2-lot-au-bord-du-goudron-vue-sur-la-mer-alogavi-5794882
CoinAfrique,5779055,Vente maison 5 pièces à légbassito zone  des sœurs.avec titre foncier personnel,vendre,,NAGOBA SERVICES TOGOTogo2886 Annonces,19 000 000 CFA,5,,https://tg.coinafrique.com/annonce/villas/vente-maison-5-pieces-a-legbassito-zone-des-sursavec-titre-foncier-personnel-5779055
CoinAfrique,5780958,Terrain 1/2 lot - Zanguera maco.,,Terrain,2A ImmobilierTogo136 Annonces,13 000 000 CFA,,2,https://tg.coinafrique.com/annonce/terrains/terrain-1-2-lot-zanguera-maco-5780958
CoinAfrique,5785203,Terrain 1lot clôturé - Agoé,,Terrain,2A ImmobilierTogo136 Annonces,38 000 000 CFA,,1,https://tg.coinafrique.com/annonce/terrains/terrain-1lot-cloture-agoe-5785203
CoinAfrique,5783068,Location villa de 03 pièces à Nukafu togocel,louer,Villa,IMMO-HOUSE SARL-UTogo1828 Annonces,200 000 CFA,03,,https://tg.coinafrique.com/annonce/villas/location-villa-de-03-pieces-a-nukafu-togocel-5783068
CoinAfrique,5768703,Vente maison de 04 pièces - Avedji sun-city,vendre,,FRANCO IMMOBILIERTogo1397 Annonces,53 000 000 CFA,04,,https://tg.coinafrique.com/annonce/villas/vente-maison-de-04-pieces-avedji-sun-city-5768703
CoinAfrique,5785190,Terrain  1/2 lot - Avedji,,Terrain,2A ImmobilierTogo136 Annonces,35 000 000 CFA,,2,https://tg.coinafrique.com/annonce/terrains/terrain-1-2-lot-avedji-5785190
CoinAfrique,5803105,Vente villa triplex  7 pièces  - Tokoin,vendre,Villa,Premier venu Premier ServiTogo438 Annonces,,7,,https://tg.coinafrique.com/annonce/villas/vente-villa-triplex-7-pieces-tokoin-5803105
CoinAfrique,5799368,Vente villa duplex  7 pièces - Kodjoviakopé,vendre,Villa,2A ImmobilierTogo136 Annonces,150 000 000 CFA,7,,https://tg.coinafrique.com/annonce/villas/vente-villa-duplex-7-pieces-kodjoviakope-5799368
CoinAfrique,5787883,Terrain 1lot  - Tokoin,,Terrain,2A ImmobilierTogo136 Annonces,85 000 000 CFA,,1,https://tg.coinafrique.com/annonce/terrains/terrain-1lot-tokoin-5787883
CoinAfrique,5803101,Location villa 5 pièces - Forever,louer,Villa,Premier venu Premier ServiTogo438 Annonces,1 500 000 CFA,5,,https://tg.coinafrique.com/annonce/villas/location-villa-5-pieces-forever-5803101
CoinAfrique,5783082,Terrain 1 lot  à Agoè assiyeye,,Terrain,ECOM IMMO||Nelson IndustriesTogo354 Annonces,42 000 000 CFA,,1,https://tg.coinafrique.com/annonce/terrains/terrain-1-lot-a-agoe-assiyeye-5783082
CoinAfrique,5785148,Vente villa triplex  6pièces  - Djidjole,vendre,Villa,2A ImmobilierTogo136 Annonces,300 000 000 CFA,6,,https://tg.coinafrique.com/annonce/villas/vente-villa-triplex-6pieces-djidjole-5785148
CoinAfrique,5798092,Terrain  1lot - Akodessewo,,Terrain,2A ImmobilierTogo136 Annonces,40 000 000 CFA,,1,https://tg.coinafrique.com/annonce/terrains/terrain-1lot-akodessewo-5798092
CoinAfrique,5783010,Vente villa duplex 4 pièces à Hedranawoe,vendre,Villa,2A ImmobilierTogo136 Annonces,160 000 000 CFA,4,,https://tg.coinafrique.com/annonce/villas/vente-villa-duplex-4-pieces-a-hedranawoe-5783010
CoinAfrique,5798083,Terrain 3 lots collés  -Aadewui,,Terrain,2A ImmobilierTogo136 Annonces,450 000 000 CFA,,3,https://tg.coinafrique.com/annonce/terrains/terrain-3-lots-colles-aadewui-5798083
CoinAfrique,5799325,Terrain 1/2 lot -  Zanguéra akepedo,,Terrain,2A ImmobilierTogo136 Annonces,9 000 000 CFA,,2,https://tg.coinafrique.com/annonce/terrains/terrain-1-2-lot-zanguera-akepedo-5799325
CoinAfrique,5798089,Terrain 1lot  - Agoe legbassito,,Terrain,2A ImmobilierTogo136 Annonces,23 000 000 CFA,,1,https://tg.coinafrique.com/annonce/terrains/terrain-1lot-agoe-legbassito-5798089
CoinAfrique,5772203,Terrain 1 lot 1/4 lot - djidjolé,,Terrain,FRANCO IMMOBILIERTogo1397 Annonces,40 000 000 CFA,,1,https://tg.coinafrique.com/annonce/terrains/terrain-1-lot-1-4-lot-djidjole-5772203
CoinAfrique,5798077,Terrain  10 lots collés - Agoe,,Terrain,2A ImmobilierTogo136 Annonces,150 000 000 CFA,,10,https://tg.coinafrique.com/annonce/terrains/terrain-10-lots-colles-agoe-5798077
CoinAfrique,5772200,Terrain  1/4 lot - Agoe assiyéyé,,Terrain,FRANCO IMMOBILIERTogo1397 Annonces,15 000 000 CFA,,4,https://tg.coinafrique.com/annonce/terrains/terrain-1-4-lot-agoe-assiyeye-5772200
CoinAfrique,5775823,Location entrepôt avec des bureaux - Agoè ccl,louer,Bureau,IMMO-HOUSE SARL-UTogo1828 Annonces,800 000 CFA,,,https://tg.coinafrique.com/annonce/bureaux-et-commerces/location-entrepot-avec-des-bureaux-agoe-ccl-5775823
CoinAfrique,5798065,Terrain 1lot  - Baguida,,Terrain,2A ImmobilierTogo136 Annonces,45 000 000 CFA,,1,https://tg.coinafrique.com/annonce/terrains/terrain-1lot-baguida-5798065
CoinAfrique,5768640,Vente villa de 04 pièces hédzranawoé,vendre,Villa,FRANCO IMMOBILIERTogo1397 Annonces,160 000 000 CFA,04,,https://tg.coinafrique.com/annonce/villas/vente-villa-de-04-pieces-hedzranawoe-5768640
CoinAfrique,5775818,Location villa de 03 pièces à Adidogomé,louer,Villa,IMMO-HOUSE SARL-UTogo1828 Annonces,300 000 CFA,03,,https://tg.coinafrique.com/annonce/villas/location-villa-de-03-pieces-a-adidogome-5775818
CoinAfrique,5803034,Studio meublé à cacavéli,,Studio,Agence immobilère Ahni's HouseMembre depuis4 années34 Annonces,160 000 CFA,,,https://tg.coinafrique.com/annonce/appartements-meubles/studio-meuble-a-cacaveli-5803034
CoinAfrique,5782952,Terrain  1lot ⅓ - Adidogomé,,Terrain,2A ImmobilierTogo136 Annonces,45 000 000 CFA,,1,https://tg.coinafrique.com/annonce/terrains/terrain-1lot-adidogome-5782952
CoinAfrique,5775803,Location studio meublé à Agoè assiyéyé,louer,Studio,IMMO-HOUSE SARL-UTogo1828 Annonces,185 000 CFA,,,https://tg.coinafrique.com/annonce/appartements-meubles/location-studio-meuble-a-agoe-assiyeye-5775803
CoinAfrique,5762599,Terrain 1 lot  - Agbalepedo,,Terrain,FRANCO IMMOBILIERTogo1397 Annonces,50 000 000 CFA,,1,https://tg.coinafrique.com/annonce/terrains/terrain-1-lot-agbalepedo-5762599
CoinAfrique,5775796,Location studio meublé à Adidogomé lycée technique,louer,Studio,IMMO-HOUSE SARL-UTogo1828 Annonces,185 000 CFA,,,https://tg.coinafrique.com/annonce/appartements-meubles/location-studio-meuble-a-adidogome-lycee-technique-5775796
CoinAfrique,5775794,Location studio meublé à Totsi glinkomé,louer,Studio,IMMO-HOUSE SARL-UTogo1828 Annonces,200 000 CFA,,,https://tg.coinafrique.com/annonce/appartements-meubles/location-studio-meuble-a-totsi-glinkome-5775794
CoinAfrique,5777418,Location villa 4 pièces - Kégué,louer,Villa,AGB MOBILIER/ IMMOBILIERMembre depuis4 années309 Annonces,350 CFA,4,,https://tg.coinafrique.com/annonce/villas/location-villa-4-pieces-kegue-5777418
CoinAfrique,5799270,Terrain 1 lot  - Agbalepedo .,,Terrain,2A ImmobilierTogo136 Annonces,67 000 000 CFA,,1,https://tg.coinafrique.com/annonce/terrains/terrain-1-lot-agbalepedo-5799270
CoinAfrique,5799263,Terrain  - Agoe legbassito,,Terrain,2A ImmobilierTogo136 Annonces,8 500 000 CFA,,,https://tg.coinafrique.com/annonce/terrains/terrain-agoe-legbassito-5799263
CoinAfrique,5777412,Location villa 4 pièces - Adidogome Wonyomé,louer,Villa,AGB MOBILIER/ IMMOBILIERMembre depuis4 années309 Annonces,650 000 CFA,4,,https://tg.coinafrique.com/annonce/villas/location-villa-4-pieces-adidogome-wonyome-5777412
CoinAfrique,5782917,Terrain 1 lot avec titre foncier personnel à Soviepe,,Terrain,2A ImmobilierTogo136 Annonces,35 000 000 CFA,,1,https://tg.coinafrique.com/annonce/terrains/terrain-1-lot-avec-titre-foncier-personnel-a-soviepe-5782917
CoinAfrique,5775790,Location boutique au bord du goudron à Be kpehenou,louer,Boutique,IMMO-HOUSE SARL-UTogo1828 Annonces,250 000 CFA,,,https://tg.coinafrique.com/annonce/bureaux-et-commerces/location-boutique-au-bord-du-goudron-a-be-kpehenou-5775790
CoinAfrique,5782901,Vente villa 8 pièces avec piscine sur deux lots à Baguida bkbg,vendre,Villa,2A ImmobilierTogo136 Annonces,370 000 000 CFA,8,,https://tg.coinafrique.com/annonce/villas/vente-villa-8-pieces-avec-piscine-sur-deux-lots-a-baguida-bkbg-5782901
CoinAfrique,5797993,Vente  villa 6 pièces -Avedji limousine,vendre,Villa,2A ImmobilierTogo136 Annonces,47 000 000 CFA,6,,https://tg.coinafrique.com/annonce/villas/vente-villa-6-pieces-avedji-limousine-5797993
CoinAfrique,5782847,Vente villa duplex de 7 pièces avec piscine - Adidogomé,vendre,Villa,2A ImmobilierTogo136 Annonces,360 000 000 CFA,7,,https://tg.coinafrique.com/annonce/villas/vente-villa-duplex-de-7-pieces-avec-piscine-adidogome-5782847
CoinAfrique,5786528,Terrain 1 lot ¾ à segbé,,Terrain,2A ImmobilierTogo136 Annonces,33 000 000 CFA,,1,https://tg.coinafrique.com/annonce/terrains/terrain-1-lot-a-segbe-5786528
CoinAfrique,5782836,Terrain 1lot  à Agoè minamadou,,Terrain,2A ImmobilierTogo136 Annonces,35 000 000 CFA,,1,https://tg.coinafrique.com/annonce/terrains/terrain-1lot-a-agoe-minamadou-5782836
CoinAfrique,5802928,Terrains 600  - grand marché de lomé,,Terrain,jean pingMembre depuis3 années83 Annonces,16 000 000 CFA,,,https://tg.coinafrique.com/annonce/terrains/terrains-600-grand-marche-de-lome-5802928
CoinAfrique,5762471,Vente villa 04 pièces  -Adetikopé kpotavé,vendre,Villa,FRANCO IMMOBILIERTogo1397 Annonces,85 000 000 CFA,04,,https://tg.coinafrique.com/annonce/villas/vente-villa-04-pieces-adetikope-kpotave-5762471
CoinAfrique,5778963,Terrain 1000m² - Zanguéra klémé château,,Terrain,FRANCO IMMOBILIERTogo1397 Annonces,30 000 000 CFA,,1000,https://tg.coinafrique.com/annonce/terrains/terrain-1000m-zanguera-kleme-chateau-5778963
CoinAfrique,5782849,Location appartement meublé à Attiegou dva,louer,Appartement,OWR - EULOGIA SERVICESTogo436 Annonces,180 000 CFA,,,https://tg.coinafrique.com/annonce/appartements-meubles/location-appartement-meuble-a-attiegou-dva-5782849
CoinAfrique,5775685,Terrain 1 lot 541 m² - Baguida,,Terrain,FRANCO IMMOBILIERTogo1397 Annonces,40 000 000 CFA,,1,https://tg.coinafrique.com/annonce/terrains/terrain-1-lot-541-m-baguida-5775685
CoinAfrique,5766896,Vente villa 4 pièces piscine et jardin  à  Baguida,vendre,Villa,FRANCO IMMOBILIERTogo1397 Annonces,350 000 000 CFA,4,,https://tg.coinafrique.com/annonce/villas/vente-villa-4-pieces-piscine-et-jardin-a-baguida-5766896
CoinAfrique,5762438,Terrain 200m²  -Atiégou,,Terrain,FRANCO IMMOBILIERTogo1397 Annonces,15 000 000 CFA,,200,https://tg.coinafrique.com/annonce/terrains/terrain-200m-atiegou-5762438
CoinAfrique,5782814,Terrain 400m² à mission Tové,,Terrain,OWR - EULOGIA SERVICESTogo436 Annonces,5 000 000 CFA,,400,https://tg.coinafrique.com/annonce/terrains/terrain-400m-a-mission-tove-5782814
CoinAfrique,5770164,Terrain  1/2 lot - Zanguéra,,Terrain,FRANCO IMMOBILIERTogo1397 Annonces,12 000 000 CFA,,2,https://tg.coinafrique.com/annonce/terrains/terrain-1-2-lot-zanguera-5770164
CoinAfrique,5755035,Vente villa 6 pièces - Agoè,vendre,Villa,PASCAL-GROUP IMMOBILIERTogo2264 Annonces,65 000 000 CFA,6,,https://tg.coinafrique.com/annonce/villas/vente-villa-6-pieces-agoe-5755035
CoinAfrique,5777182,Vente villa 06 pièces - adidogomé balissimé,vendre,Villa,FRANCO IMMOBILIERTogo1397 Annonces,360 000 000 CFA,06,,https://tg.coinafrique.com/annonce/villas/vente-villa-06-pieces-adidogome-balissime-5777182
CoinAfrique,5794610,Terrain 1/2 lot  à avedji CEG,,Terrain,2A ImmobilierTogo136 Annonces,22 000 000 CFA,,2,https://tg.coinafrique.com/annonce/terrains/terrain-1-2-lot-a-avedji-ceg-5794610
CoinAfrique,5787651,Terrain 1lot  - Togo,,Terrain,2A ImmobilierTogo136 Annonces,90 000 000 CFA,,1,https://tg.coinafrique.com/annonce/terrains/terrain-1lot-togo-5787651
CoinAfrique,5773579,Terrain 1 lot -Legbassito,,Terrain,FRANCO IMMOBILIERTogo1397 Annonces,95 000 000 CFA,,1,https://tg.coinafrique.com/annonce/terrains/terrain-1-lot-legbassito-5773579
CoinAfrique,5780689,Terrain 02 lots collés à Apessito ceg,,Terrain,IMMO-HOUSE SARL-UTogo1828 Annonces,26 000 000 CFA,,02,https://tg.coinafrique.com/annonce/terrains/terrain-02-lots-colles-a-apessito-ceg-5780689
CoinAfrique,5765231,Terrain 01 lot - bè klikamé,,Terrain,FRANCO IMMOBILIERTogo1397 Annonces,60 000 000 CFA,,01,https://tg.coinafrique.com/annonce/terrains/terrain-01-lot-be-klikame-5765231
CoinAfrique,5780697,Terrain ½ lot à  Apessito catholique,,Terrain,IMMO-HOUSE SARL-UTogo1828 Annonces,11 000 000 CFA,,,https://tg.coinafrique.com/annonce/terrains/terrain-lot-a-apessito-catholique-5780697
CoinAfrique,5762318,Terrain 02 lots - Lomé_Klikamé,,Terrain,FRANCO IMMOBILIERTogo1397 Annonces,50 000 000 CFA,,02,https://tg.coinafrique.com/annonce/terrains/terrain-02-lots-lome-klikame-5762318
CoinAfrique,5763936,Terrain  1 lot - Djidjolé obu,,Terrain,FRANCO IMMOBILIERTogo1397 Annonces,75 000 000 CFA,,1,https://tg.coinafrique.com/annonce/terrains/terrain-1-lot-djidjole-obu-5763936
CoinAfrique,5780662,Location villa 4 pièces à Kegué,louer,Villa,IMMO-HOUSE SARL-UTogo1828 Annonces,500 000 CFA,4,,https://tg.coinafrique.com/annonce/villas/location-villa-4-pieces-a-kegue-5780662
CoinAfrique,5760269,Vente villa 3 pièces à Kégué,vendre,Villa,DYNAMIQUE IMMOBILIERTogo3467 Annonces,48 000 000 CFA,3,,https://tg.coinafrique.com/annonce/villas/vente-villa-3-pieces-a-kegue-5760269
CoinAfrique,5766823,Location appartement 03 chambres Avedji Léo 2000,louer,Appartement,FRANCO IMMOBILIERTogo1397 Annonces,200 000 CFA,03,,https://tg.coinafrique.com/annonce/appartements/location-appartement-03-chambres-avedji-leo-2000-5766823
CoinAfrique,5782651,Location villa climatisées de 04 pièces à Adidogomé douane,louer,Villa,IMMO-HOUSE SARL-UTogo1828 Annonces,300 000 CFA,04,,https://tg.coinafrique.com/annonce/villas/location-villa-climatisees-de-04-pieces-a-adidogome-douane-5782651
CoinAfrique,5760264,Terrain 1 lot  à Totsi,,Terrain,DYNAMIQUE IMMOBILIERTogo3467 Annonces,90 000 000 CFA,,1,https://tg.coinafrique.com/annonce/terrains/terrain-1-lot-a-totsi-5760264
CoinAfrique,5760260,Terrain 1 lot et quart  à Avenou,,Terrain,DYNAMIQUE IMMOBILIERTogo3467 Annonces,55 000 000 CFA,,1,https://tg.coinafrique.com/annonce/terrains/terrain-1-lot-et-quart-a-avenou-5760260
CoinAfrique,5794528,Location villa de 06 pièces à tokoin protestant,louer,Villa,IMMO-HOUSE SARL-UTogo1828 Annonces,400 000 CFA,06,,https://tg.coinafrique.com/annonce/villas/location-villa-de-06-pieces-a-tokoin-protestant-5794528
CoinAfrique,5760249,Terrain 2 lots  à Agoè legbassito assikor,,Terrain,DYNAMIQUE IMMOBILIERTogo3467 Annonces,18 000 000 CFA,,2,https://tg.coinafrique.com/annonce/terrains/terrain-2-lots-a-agoe-legbassito-assikor-5760249
CoinAfrique,5766787,Vente villa duplex 3 chambres salon à  Hedzranawoé Nathaba,vendre,Villa,PASCAL-GROUP IMMOBILIERTogo2264 Annonces,250 000 000 CFA,3,,https://tg.coinafrique.com/annonce/villas/vente-villa-duplex-3-chambres-salon-a-hedzranawoe-nathaba-5766787
CoinAfrique,5760236,Terrain 1 lot et quart  à Totsi,,Terrain,DYNAMIQUE IMMOBILIERTogo3467 Annonces,60 000 000 CFA,,1,https://tg.coinafrique.com/annonce/terrains/terrain-1-lot-et-quart-a-totsi-5760236
CoinAfrique,5786410,Location villa 4 pièces - kégué koffi kpanou,louer,Villa,NAGOBA SERVICES TOGOTogo2886 Annonces,120 000 CFA,4,,https://tg.coinafrique.com/annonce/villas/location-villa-4-pieces-kegue-koffi-kpanou-5786410
CoinAfrique,5790784,Location villa duplex 6 pièces avec piscine de 05 pièces à  Baguida,louer,Villa,IMMO-HOUSE SARL-UTogo1828 Annonces,1 500 000 CFA,6,,https://tg.coinafrique.com/annonce/villas/location-villa-duplex-6-pieces-avec-piscine-de-05-pieces-a-baguida-5790784
CoinAfrique,5777080,Location villa de 03 pièces à zanguera la madone,louer,Villa,IMMO-HOUSE SARL-UTogo1828 Annonces,120 000 CFA,03,,https://tg.coinafrique.com/annonce/villas/location-villa-de-03-pieces-a-zanguera-la-madone-5777080
CoinAfrique,5766779,Vente maison  à Adidogomé Rail,vendre,,PASCAL-GROUP IMMOBILIERTogo2264 Annonces,25 000 000 CFA,,,https://tg.coinafrique.com/annonce/villas/vente-maison-a-adidogome-rail-5766779
CoinAfrique,5758390,Vente villa 5 pièces à Baguida,vendre,Villa,DYNAMIQUE IMMOBILIERTogo3467 Annonces,500 000 000 CFA,5,,https://tg.coinafrique.com/annonce/villas/vente-villa-5-pieces-a-baguida-5758390
CoinAfrique,5770007,Vente villa 4 pièces à Djidjole,vendre,Villa,DYNAMIQUE IMMOBILIERTogo3467 Annonces,27 000 000 CFA,4,,https://tg.coinafrique.com/annonce/villas/vente-villa-4-pieces-a-djidjole-5770007
CoinAfrique,5788982,Terrain ¾ lots  à Attiegouvi,,Terrain,PASCAL-GROUP IMMOBILIERTogo2264 Annonces,28 000 000 CFA,,,https://tg.coinafrique.com/annonce/terrains/terrain-lots-a-attiegouvi-5788982
CoinAfrique,5793702,Vente immeuble à  Agoè Légbassito,vendre,Immeuble,PASCAL-GROUP IMMOBILIERTogo2264 Annonces,80 000 000 CFA,,,https://tg.coinafrique.com/annonce/villas/vente-immeuble-a-agoe-legbassito-5793702
CoinAfrique,5733549,Location villa meublée 3 pièces - tokoin,louer,Villa,BG&ASSOCIÉ IMMOBILIER BMembre depuis2 années253 Annonces,450 000 CFA,3,,https://tg.coinafrique.com/annonce/villas/location-villa-meublee-3-pieces-tokoin-5733549
CoinAfrique,5792089,Vente villa R+2 à  Zanguera,vendre,Villa,PASCAL-GROUP IMMOBILIERTogo2264 Annonces,34 000 000 CFA,,,https://tg.coinafrique.com/annonce/villas/vente-villa-r2-a-zanguera-5792089
CoinAfrique,5744869,Terrain 1/4 lot - Ségbé Agokpanou,,Terrain,ANGEL'S OF SKY CONSTRUCTION IMTogo50 Annonces,5 000 000 CFA,,4,https://tg.coinafrique.com/annonce/terrains/terrain-1-4-lot-segbe-agokpanou-5744869
CoinAfrique,5792157,Vente villa 2 chambres salon à  Sanguera,vendre,Villa,PASCAL-GROUP IMMOBILIERTogo2264 Annonces,20 000 000 CFA,2,,https://tg.coinafrique.com/annonce/villas/vente-villa-2-chambres-salon-a-sanguera-5792157
CoinAfrique,5788934,Terrain 1/2 lot à à Attiegou base 2 en allant à Kpota,,Terrain,PASCAL-GROUP IMMOBILIERTogo2264 Annonces,20 000 000 CFA,,2,https://tg.coinafrique.com/annonce/terrains/terrain-1-2-lot-a-a-attiegou-base-2-en-allant-a-kpota-5788934
CoinAfrique,5802066,Location vente  maison à Super taco,vendre,,poukine NanoMembre depuis9 mois20 Annonces,120 000 000 CFA,,,https://tg.coinafrique.com/annonce/appartements/location-vente-maison-a-super-taco-5802066
CoinAfrique,5780462,Vente villa duplex 5 chambres 2 salons pAgbalepedo iscine,vendre,Villa,PASCAL-GROUP IMMOBILIERTogo2264 Annonces,190 000 000 CFA,5,,https://tg.coinafrique.com/annonce/villas/vente-villa-duplex-5-chambres-2-salons-pagbalepedo-iscine-5780462
CoinAfrique,5794154,Vente villa à Agoè Légbassito -Athiomé,vendre,Villa,PASCAL-GROUP IMMOBILIERTogo2264 Annonces,30 000 000 CFA,,,https://tg.coinafrique.com/annonce/villas/vente-villa-a-agoe-legbassito-athiome-5794154
CoinAfrique,5758377,Terrain 1 lot à Agoè legbassito,,Terrain,DYNAMIQUE IMMOBILIERTogo3467 Annonces,23 000 000 CFA,,1,https://tg.coinafrique.com/annonce/terrains/terrain-1-lot-a-agoe-legbassito-5758377
CoinAfrique,5754910,Location résidence  à la Caisse,louer,,DYNAMIQUE IMMOBILIERTogo3467 Annonces,2 600 000 CFA,,,https://tg.coinafrique.com/annonce/villas/location-residence-a-la-caisse-5754910
CoinAfrique,5758374,Vente villa à Assiyeye,vendre,Villa,DYNAMIQUE IMMOBILIERTogo3467 Annonces,45 000 000 CFA,,,https://tg.coinafrique.com/annonce/villas/vente-villa-a-assiyeye-5758374
CoinAfrique,5758368,Terrain 1 lot  à Klikamé,,Terrain,DYNAMIQUE IMMOBILIERTogo3467 Annonces,80 000 000 CFA,,1,https://tg.coinafrique.com/annonce/terrains/terrain-1-lot-a-klikame-5758368
CoinAfrique,5758361,Terrain 2 lots à Adetikope,,Terrain,DYNAMIQUE IMMOBILIERTogo3467 Annonces,25 000 000 CFA,,2,https://tg.coinafrique.com/annonce/terrains/terrain-2-lots-a-adetikope-5758361
CoinAfrique,5758366,Vente villa  à Segbe,vendre,Villa,DYNAMIQUE IMMOBILIERTogo3467 Annonces,55 000 000 CFA,,,https://tg.coinafrique.com/annonce/villas/vente-villa-a-segbe-5758366
CoinAfrique,5777064,Location appartement 02 pièces à Amadahome,louer,Appartement,IMMO-HOUSE SARL-UTogo1828 Annonces,85 000 CFA,02,,https://tg.coinafrique.com/annonce/appartements/location-appartement-02-pieces-a-amadahome-5777064
CoinAfrique,5789290,Terrain 1/2 lot - Agoè Dikamé Bernad Kopé,,Terrain,ANGEL'S OF SKY CONSTRUCTION IMTogo50 Annonces,4 500 000 CFA,,2,https://tg.coinafrique.com/annonce/terrains/terrain-1-2-lot-agoe-dikame-bernad-kope-5789290
CoinAfrique,5758349,Terrain 2 lots à Klikamé,,Terrain,DYNAMIQUE IMMOBILIERTogo3467 Annonces,50 000 000 CFA,,2,https://tg.coinafrique.com/annonce/terrains/terrain-2-lots-a-klikame-5758349
CoinAfrique,5758352,Terrain 1 lot à Agbalepedo gta,,Terrain,DYNAMIQUE IMMOBILIERTogo3467 Annonces,65 000 000 CFA,,1,https://tg.coinafrique.com/annonce/terrains/terrain-1-lot-a-agbalepedo-gta-5758352
CoinAfrique,5758358,Location villa  dans la cité Oua,louer,Villa,DYNAMIQUE IMMOBILIERTogo3467 Annonces,2 000 000 000 CFA,,,https://tg.coinafrique.com/annonce/villas/location-villa-dans-la-cite-oua-5758358
CoinAfrique,5758354,Terrain 1 lot et demi à Adidogome,,Terrain,DYNAMIQUE IMMOBILIERTogo3467 Annonces,47 000 000 CFA,,1,https://tg.coinafrique.com/annonce/terrains/terrain-1-lot-et-demi-a-adidogome-5758354
CoinAfrique,5780602,Terrain 1/ 2  lot  solidement clôturé - Vakpossito Mobossa,,Terrain,NAGOBA SERVICES TOGOTogo2886 Annonces,14 000 000 CFA,,2,https://tg.coinafrique.com/annonce/terrains/terrain-1-2-lot-solidement-cloture-vakpossito-mobossa-5780602
CoinAfrique,5758343,Terrain ½ lot à Avédji,,Terrain,DYNAMIQUE IMMOBILIERTogo3467 Annonces,33 000 000 CFA,,,https://tg.coinafrique.com/annonce/terrains/terrain-lot-a-avedji-5758343
CoinAfrique,5780597,Vente villa duplex 6 pièces à Baguida,vendre,Villa,NAGOBA SERVICES TOGOTogo2886 Annonces,85 000 000 CFA,6,,https://tg.coinafrique.com/annonce/villas/vente-villa-duplex-6-pieces-a-baguida-5780597
CoinAfrique,5780585,Terrain  4 lots collés à Akepé,,Terrain,NAGOBA SERVICES TOGOTogo2886 Annonces,7 000 000 CFA,,4,https://tg.coinafrique.com/annonce/terrains/terrain-4-lots-colles-a-akepe-5780585
CoinAfrique,5780586,Terrain 2 lots - Agoè,,Terrain,PASCAL-GROUP IMMOBILIERTogo2264 Annonces,100 000 000 CFA,,2,https://tg.coinafrique.com/annonce/terrains/terrain-2-lots-agoe-5780586
CoinAfrique,5782558,Terrain 1/2 lot - Agoè,,Terrain,PASCAL-GROUP IMMOBILIERTogo2264 Annonces,15 000 000 CFA,,2,https://tg.coinafrique.com/annonce/terrains/terrain-1-2-lot-agoe-5782558
CoinAfrique,5768371,Terrain 597m² au bord du boulevard jean paul 2,,Terrain,FRANCO IMMOBILIERTogo1397 Annonces,160 000 000 CFA,,597,https://tg.coinafrique.com/annonce/terrains/terrain-597m-au-bord-du-boulevard-jean-paul-2-5768371
CoinAfrique,5769990,Vente villa 3 pièces à zanguéra,vendre,Villa,DYNAMIQUE IMMOBILIERTogo3467 Annonces,55 000 000 CFA,3,,https://tg.coinafrique.com/annonce/villas/vente-villa-3-pieces-a-zanguera-5769990
CoinAfrique,5778829,Terrain 1/2 lot -  Amadahomè pharmacie,,Terrain,NAGOBA SERVICES TOGOTogo2886 Annonces,18 000 000 CFA,,2,https://tg.coinafrique.com/annonce/terrains/terrain-1-2-lot-amadahome-pharmacie-5778829
CoinAfrique,5780584,Terrain 3/4 lot - Lomé aneho,,Terrain,PASCAL-GROUP IMMOBILIERTogo2264 Annonces,30 000 000 CFA,,4,https://tg.coinafrique.com/annonce/terrains/terrain-3-4-lot-lome-aneho-5780584
CoinAfrique,5782551,Terrain 1 lot - Legbassito,,Terrain,PASCAL-GROUP IMMOBILIERTogo2264 Annonces,15 000 000 CFA,,1,https://tg.coinafrique.com/annonce/terrains/terrain-1-lot-legbassito-5782551
CoinAfrique,5780581,Terrain 1 lot - Akodessewa,,Terrain,PASCAL-GROUP IMMOBILIERTogo2264 Annonces,58 000 000 CFA,,1,https://tg.coinafrique.com/annonce/terrains/terrain-1-lot-akodessewa-5780581
CoinAfrique,5780580,Terrain - Tsevié,,Terrain,NAGOBA SERVICES TOGOTogo2886 Annonces,3 500 000 CFA,,,https://tg.coinafrique.com/annonce/terrains/terrain-tsevie-5780580
CoinAfrique,5769970,Vente maison de location à Agoè koffi panou,vendre,,DYNAMIQUE IMMOBILIERTogo3467 Annonces,22 000 000 CFA,,,https://tg.coinafrique.com/annonce/villas/vente-maison-de-location-a-agoe-koffi-panou-5769970
CoinAfrique,5778818,Vente maison 9 pièces - Avédji,vendre,,NAGOBA SERVICES TOGOTogo2886 Annonces,18 000 000 CFA,9,,https://tg.coinafrique.com/annonce/villas/vente-maison-9-pieces-avedji-5778818
CoinAfrique,5798997,Terrain 1lot  - Akodessewo,,Terrain,2A ImmobilierTogo136 Annonces,85 000 000 CFA,,1,https://tg.coinafrique.com/annonce/terrains/terrain-1lot-akodessewo-5798997
CoinAfrique,5798999,Terrain  1lot - Tokoin forever,,Terrain,2A ImmobilierTogo136 Annonces,81 000 000 CFA,,1,https://tg.coinafrique.com/annonce/terrains/terrain-1lot-tokoin-forever-5798999
CoinAfrique,5777103,Location studio meublé  - Avedji,louer,Studio,AGB MOBILIER/ IMMOBILIERMembre depuis4 années309 Annonces,200 000 CFA,,,https://tg.coinafrique.com/annonce/appartements-meubles/location-studio-meuble-avedji-5777103
CoinAfrique,5780575,Terrain 2 lots - agoè,,Terrain,PASCAL-GROUP IMMOBILIERTogo2264 Annonces,50 000 000 CFA,,2,https://tg.coinafrique.com/annonce/terrains/terrain-2-lots-agoe-5780575
CoinAfrique,5784699,Terrain 65lots - Bagbé,,Terrain,PASCAL-GROUP IMMOBILIERTogo2264 Annonces,2 000 000 CFA,,65,https://tg.coinafrique.com/annonce/terrains/terrain-65lots-bagbe-5784699
CoinAfrique,5784697,Vente maison 3 pièces - Tokoin,vendre,,PASCAL-GROUP IMMOBILIERTogo2264 Annonces,80 000 000 CFA,3,,https://tg.coinafrique.com/annonce/villas/vente-maison-3-pieces-tokoin-5784697
CoinAfrique,5777096,Location appartement - Adidogomé,louer,Appartement,AGB MOBILIER/ IMMOBILIERMembre depuis4 années309 Annonces,55 000 CFA,,,https://tg.coinafrique.com/annonce/appartements/location-appartement-adidogome-5777096
CoinAfrique,5777092,Location appartements - Adidogomé,louer,Appartement,AGB MOBILIER/ IMMOBILIERMembre depuis4 années309 Annonces,35 000 CFA,,,https://tg.coinafrique.com/annonce/chambres/location-appartements-adidogome-5777092
CoinAfrique,5782542,Terrain 3 lots - Baguida,,Terrain,PASCAL-GROUP IMMOBILIERTogo2264 Annonces,170 000 000 CFA,,3,https://tg.coinafrique.com/annonce/terrains/terrain-3-lots-baguida-5782542
CoinAfrique,5782539,Terrain 4 lots - Agodeké,,Terrain,PASCAL-GROUP IMMOBILIERTogo2264 Annonces,25 000 000 CFA,,4,https://tg.coinafrique.com/annonce/terrains/terrain-4-lots-agodeke-5782539
CoinAfrique,5780559,Location appartement 3 pièces - Agoè logopé tazo,louer,Appartement,NAGOBA SERVICES TOGOTogo2886 Annonces,70 000 CFA,3,,https://tg.coinafrique.com/annonce/appartements/location-appartement-3-pieces-agoe-logope-tazo-5780559
CoinAfrique,5782531,Vente  maison 3 pièces à Adidogomè hôtel nord sud,vendre,,NAGOBA SERVICES TOGOTogo2886 Annonces,18 000 000 CFA,3,,https://tg.coinafrique.com/annonce/villas/vente-maison-3-pieces-a-adidogome-hotel-nord-sud-5782531
CoinAfrique,5782526,Terrain 2 lots - Akato,,Terrain,PASCAL-GROUP IMMOBILIERTogo2264 Annonces,23 000 000 CFA,,2,https://tg.coinafrique.com/annonce/terrains/terrain-2-lots-akato-5782526
CoinAfrique,5780567,Terrain à Agoè Assiyiyé,,Terrain,PASCAL-GROUP IMMOBILIERTogo2264 Annonces,13 500 000 CFA,,,https://tg.coinafrique.com/annonce/terrains/terrain-a-agoe-assiyiye-5780567
CoinAfrique,5782533,Terrain 1/4 lot - Togo,,Terrain,PASCAL-GROUP IMMOBILIERTogo2264 Annonces,8 500 000 CFA,,4,https://tg.coinafrique.com/annonce/terrains/terrain-1-4-lot-togo-5782533
CoinAfrique,5782536,Terrain 1 lot - Adidogomé,,Terrain,PASCAL-GROUP IMMOBILIERTogo2264 Annonces,40 000 000 CFA,,1,https://tg.coinafrique.com/annonce/terrains/terrain-1-lot-adidogome-5782536
CoinAfrique,5782530,Vente villa 4 pièces - Ségbé,vendre,Villa,PASCAL-GROUP IMMOBILIERTogo2264 Annonces,130 000 000 CFA,4,,https://tg.coinafrique.com/annonce/villas/vente-villa-4-pieces-segbe-5782530
CoinAfrique,5782527,Terrain 4 lots - Baguida,,Terrain,PASCAL-GROUP IMMOBILIERTogo2264 Annonces,60 000 000 CFA,,4,https://tg.coinafrique.com/annonce/terrains/terrain-4-lots-baguida-5782527
CoinAfrique,5778813,Location appartement 3 pièces - Adidogomè atilamonou,louer,Appartement,NAGOBA SERVICES TOGOTogo2886 Annonces,90 000 CFA,3,,https://tg.coinafrique.com/annonce/appartements/location-appartement-3-pieces-adidogome-atilamonou-5778813
CoinAfrique,5780560,Terrain 1/4 lot - Agoè Assiyiyé,,Terrain,PASCAL-GROUP IMMOBILIERTogo2264 Annonces,11 500 000 CFA,,4,https://tg.coinafrique.com/annonce/terrains/terrain-1-4-lot-agoe-assiyiye-5780560
CoinAfrique,5778802,Location appartement 3 pièces - Adidogomè cap amadahomè,louer,Appartement,NAGOBA SERVICES TOGOTogo2886 Annonces,130 000 CFA,3,,https://tg.coinafrique.com/annonce/appartements/location-appartement-3-pieces-adidogome-cap-amadahome-5778802
CoinAfrique,5780563,Terrain 4 lots - Agoè Assiyiyé,,Terrain,PASCAL-GROUP IMMOBILIERTogo2264 Annonces,98 000 000 CFA,,4,https://tg.coinafrique.com/annonce/terrains/terrain-4-lots-agoe-assiyiye-5780563
CoinAfrique,5780561,Terrain  122 lot - Agoè Demakpoé,,Terrain,PASCAL-GROUP IMMOBILIERTogo2264 Annonces,12 000 000 CFA,,122,https://tg.coinafrique.com/annonce/terrains/terrain-122-lot-agoe-demakpoe-5780561
CoinAfrique,5784694,Terrain 1/2 lot - Agbalépédo,,Terrain,PASCAL-GROUP IMMOBILIERTogo2264 Annonces,25 000 000 CFA,,2,https://tg.coinafrique.com/annonce/terrains/terrain-1-2-lot-agbalepedo-5784694
CoinAfrique,5784690,Parcelle 4 lots - Baguida,,,PASCAL-GROUP IMMOBILIERTogo2264 Annonces,50 000 000 CFA,,4,https://tg.coinafrique.com/annonce/terrains/parcelle-4-lots-baguida-5784690
CoinAfrique,5796303,Terrain 1lot  - Zanguéra,,Terrain,2A ImmobilierTogo136 Annonces,18 000 000 CFA,,1,https://tg.coinafrique.com/annonce/terrains/terrain-1lot-zanguera-5796303
CoinAfrique,5802712,Terrain  1/2 lot - Agoe assiyéyé,,Terrain,FRANCO IMMOBILIERTogo1397 Annonces,27 000 000 CFA,,2,https://tg.coinafrique.com/annonce/terrains/terrain-1-2-lot-agoe-assiyeye-5802712
CoinAfrique,5787597,Location appartement 3 pièces - Adidogome Logote,louer,Appartement,ECOM IMMO||Nelson IndustriesTogo354 Annonces,100 000 CFA,3,,https://tg.coinafrique.com/annonce/appartements/location-appartement-3-pieces-adidogome-logote-5787597
CoinAfrique,5782517,Terrain 1 lot - Adétikopé,,Terrain,PASCAL-GROUP IMMOBILIERTogo2264 Annonces,18 000 000 CFA,,1,https://tg.coinafrique.com/annonce/terrains/terrain-1-lot-adetikope-5782517
CoinAfrique,5789208,Terrain 1/2 lot  à Agbalepedo,,Terrain,2A ImmobilierTogo136 Annonces,25 000 000 CFA,,2,https://tg.coinafrique.com/annonce/terrains/terrain-1-2-lot-a-agbalepedo-5789208
CoinAfrique,5782520,Terrain 150 m² - Kpala,,Terrain,PASCAL-GROUP IMMOBILIERTogo2264 Annonces,6 000 000 CFA,,150,https://tg.coinafrique.com/annonce/terrains/terrain-150-m-kpala-5782520
CoinAfrique,5780553,Terrain 1 lot - Nukafu,,Terrain,PASCAL-GROUP IMMOBILIERTogo2264 Annonces,60 000 000 CFA,,1,https://tg.coinafrique.com/annonce/terrains/terrain-1-lot-nukafu-5780553
CoinAfrique,5766727,Terrain  1 lot à Dekon au bord du goudron,,Terrain,FRANCO IMMOBILIERTogo1397 Annonces,600 000 000 CFA,,1,https://tg.coinafrique.com/annonce/terrains/terrain-1-lot-a-dekon-au-bord-du-goudron-5766727
CoinAfrique,5780552,Terrain 2 lots - Agoè,,Terrain,PASCAL-GROUP IMMOBILIERTogo2264 Annonces,50 000 000 CFA,,2,https://tg.coinafrique.com/annonce/terrains/terrain-2-lots-agoe-5780552
CoinAfrique,5782525,Terrain 1 lot - Agoè,,Terrain,PASCAL-GROUP IMMOBILIERTogo2264 Annonces,55 000 000 CFA,,1,https://tg.coinafrique.com/annonce/terrains/terrain-1-lot-agoe-5782525
CoinAfrique,5782523,Terrain 1/2 lot - Akepe,,Terrain,PASCAL-GROUP IMMOBILIERTogo2264 Annonces,4 200 000 CFA,,2,https://tg.coinafrique.com/annonce/terrains/terrain-1-2-lot-akepe-5782523
CoinAfrique,5775524,Location villa meublée 03 pièces à cito aéroport,louer,Villa,IMMO-HOUSE SARL-UTogo1828 Annonces,500 000 CFA,03,,https://tg.coinafrique.com/annonce/villas/location-villa-meublee-03-pieces-a-cito-aeroport-5775524
CoinAfrique,5775529,Vente entrepôt à agoè fiovi,vendre,,IMMO-HOUSE SARL-UTogo1828 Annonces,85 000 000 CFA,,,https://tg.coinafrique.com/annonce/bureaux-et-commerces/vente-entrepot-a-agoe-fiovi-5775529
CoinAfrique,5780551,Terrain 1 lot - Agoè,,Terrain,PASCAL-GROUP IMMOBILIERTogo2264 Annonces,20 000 000 CFA,,1,https://tg.coinafrique.com/annonce/terrains/terrain-1-lot-agoe-5780551
CoinAfrique,5780549,Terrain 1 lot - Agoè,,Terrain,PASCAL-GROUP IMMOBILIERTogo2264 Annonces,32 000 000 CFA,,1,https://tg.coinafrique.com/annonce/terrains/terrain-1-lot-agoe-5780549
CoinAfrique,5780548,Location appartement - kégué Oqueens,louer,Appartement,NAGOBA SERVICES TOGOTogo2886 Annonces,75 000 CFA,,,https://tg.coinafrique.com/annonce/appartements/location-appartement-kegue-oqueens-5780548
CoinAfrique,5753958,"Location à Vakpo NDE Chic appartement nouvelle construction dallé staffé lumineux avec chauffe eau, d'une Chambre salon wc douche cuisine interne avec armoire de rangement + balcon bien clean , dispon",louer,Appartement,NAGOBA SERVICES TOGOTogo2886 Annonces,65 000 CFA,,,https://tg.coinafrique.com/annonce/appartements/location-a-vakpo-nde-chic-appartement-nouvelle-construction-dalle-staffe-lumineux-avec-chauffe-eau-dune-chambre-salon-wc-douche-cuisine-interne-avec-armoire-de-rangement-balcon-bien-clean-dispon-5753958
CoinAfrique,5778796,Terrain  1/2 lot - Djagblé,,Terrain,FRANCO IMMOBILIERTogo1397 Annonces,6 000 000 CFA,,2,https://tg.coinafrique.com/annonce/terrains/terrain-1-2-lot-djagble-5778796
CoinAfrique,5769924,Location villa duplex 05 pièces Gnekonakpoé,louer,Villa,FRANCO IMMOBILIERTogo1397 Annonces,800 000 CFA,05,,https://tg.coinafrique.com/annonce/villas/location-villa-duplex-05-pieces-gnekonakpoe-5769924
CoinAfrique,5780538,Terrain 1 lot - Agoè Assiyiyé,,Terrain,PASCAL-GROUP IMMOBILIERTogo2264 Annonces,45 000 000 CFA,,1,https://tg.coinafrique.com/annonce/terrains/terrain-1-lot-agoe-assiyiye-5780538
CoinAfrique,5780555,Terrain 1/2 lot - Agoè,,Terrain,PASCAL-GROUP IMMOBILIERTogo2264 Annonces,17 000 000 CFA,,2,https://tg.coinafrique.com/annonce/terrains/terrain-1-2-lot-agoe-5780555
CoinAfrique,5782515,Terrain 1 lot - Zanguéra,,Terrain,PASCAL-GROUP IMMOBILIERTogo2264 Annonces,22 000 000 CFA,,1,https://tg.coinafrique.com/annonce/terrains/terrain-1-lot-zanguera-5782515
CoinAfrique,5780541,Terrain 1 lot - Totsi,,Terrain,PASCAL-GROUP IMMOBILIERTogo2264 Annonces,45 000 000 CFA,,1,https://tg.coinafrique.com/annonce/terrains/terrain-1-lot-totsi-5780541
CoinAfrique,5778792,Terrain 1 lot à Agoè cacaveli,,Terrain,DYNAMIQUE IMMOBILIERTogo3467 Annonces,55 000 000 CFA,,1,https://tg.coinafrique.com/annonce/terrains/terrain-1-lot-a-agoe-cacaveli-5778792
CoinAfrique,5778794,Terrain 4 lots  à Baguida,,Terrain,DYNAMIQUE IMMOBILIERTogo3467 Annonces,60 000 000 CFA,,4,https://tg.coinafrique.com/annonce/terrains/terrain-4-lots-a-baguida-5778794
CoinAfrique,5787576,Vente villa duplex 5 pièces -   Avenou,vendre,Villa,2A ImmobilierTogo136 Annonces,165 000 000 CFA,5,,https://tg.coinafrique.com/annonce/villas/vente-villa-duplex-5-pieces-avenou-5787576
CoinAfrique,5780530,Terrain 1 lot - Agoè,,Terrain,PASCAL-GROUP IMMOBILIERTogo2264 Annonces,55 000 000 CFA,,1,https://tg.coinafrique.com/annonce/terrains/terrain-1-lot-agoe-5780530
CoinAfrique,5769917,Location appartements 02 pièces Totsi,louer,Appartement,FRANCO IMMOBILIERTogo1397 Annonces,150 000 CFA,02,,https://tg.coinafrique.com/annonce/appartements/location-appartements-02-pieces-totsi-5769917
CoinAfrique,5775515,Location appartement de 02 pièces à wonyome au bord du goudron,louer,Appartement,IMMO-HOUSE SARL-UTogo1828 Annonces,80 000 CFA,02,,https://tg.coinafrique.com/annonce/appartements/location-appartement-de-02-pieces-a-wonyome-au-bord-du-goudron-5775515
CoinAfrique,5780535,Terrain 2 lots clôturé - feux voies complexe scolaires Kouvahey,,Terrain,PASCAL-GROUP IMMOBILIERTogo2264 Annonces,60 000 000 CFA,,2,https://tg.coinafrique.com/annonce/terrains/terrain-2-lots-cloture-feux-voies-complexe-scolaires-kouvahey-5780535
CoinAfrique,5780532,Terrain 1 lot - Assiyiyé,,Terrain,PASCAL-GROUP IMMOBILIERTogo2264 Annonces,38 000 000 CFA,,1,https://tg.coinafrique.com/annonce/terrains/terrain-1-lot-assiyiye-5780532
CoinAfrique,5780531,Terrain 1/2 lot - Agoè demakpoè,,Terrain,NAGOBA SERVICES TOGOTogo2886 Annonces,14 000 000 CFA,,2,https://tg.coinafrique.com/annonce/terrains/terrain-1-2-lot-agoe-demakpoe-5780531
