source,reference,titre,offre,type_bien,quartier,ville,prix,piece,surface,url,date_annonce,annee,trimestre,periode
coinafrique_scraped,5780462,Vente villa duplex 5 chambres 2 salons pAgbalepedo iscine,vendre,Villa,Baguida,Lomé,190000000.0,5.0,,https://tg.coinafrique.com/annonce/villas/vente-villa-duplex-5-chambres-2-salons-pagbalepedo-iscine-5780462,,2026,2,2026-Q2
coinafrique_scraped,5784575,À VENDRE,vendre,,Baguida,Lomé,45000000.0,,,https://tg.coinafrique.com/annonce/villas/a-vendre-5784575,,2026,2,2026-Q2
coinafrique_scraped,5795729,Terrain 1 lot  -Yokoe,,Terrain,Baguida,Lomé,30000000.0,,1.0,https://tg.coinafrique.com/annonce/terrains/terrain-1-lot-yokoe-5795729,,2026,2,2026-Q2
coinafrique_scraped,5787883,Terrain 1lot  - Tokoin,,Terrain,Tokoin,Lomé,85000000.0,,1.0,https://tg.coinafrique.com/annonce/terrains/terrain-1lot-tokoin-5787883,,2026,2,2026-Q2
coinafrique_scraped,5797276,Terrain 4 lots de 2407 m² - Baguida,,Terrain,Baguida,Lomé,75000000.0,,4.0,https://tg.coinafrique.com/annonce/terrains/terrain-4-lots-de-2407-m-baguida-5797276,,2026,2,2026-Q2
coinafrique_scraped,5792157,Vente villa 2 chambres salon à  Sanguera,vendre,Villa,Baguida,Lomé,20000000.0,2.0,,https://tg.coinafrique.com/annonce/villas/vente-villa-2-chambres-salon-a-sanguera-5792157,,2026,2,2026-Q2
coinafrique_scraped,5779644,Terrain demi-lot au bord d'une rue de 28m à Avédji CEG.,,Terrain,Avédji,Lomé,20000000.0,,,https://tg.coinafrique.com/annonce/terrains/terrain-demi-lot-au-bord-dune-rue-de-28m-a-avedji-ceg-5779644,,2026,2,2026-Q2
coinafrique_scraped,5789057,Vente maison locative à Legbassito,vendre,Maison,Agoè,Lomé,55000000.0,,,https://tg.coinafrique.com/annonce/villas/vente-maison-locative-a-legbassito-5789057,,2026,2,2026-Q2
coinafrique_scraped,5794133,Location villa 3 chambres salon à Kégué,louer,Villa,Kégué,Lomé,300000.0,3.0,,https://tg.coinafrique.com/annonce/villas/location-villa-3-chambres-salon-a-kegue-5794133,,2026,2,2026-Q2
coinafrique_scraped,5782533,Terrain 1/4 lot - Togo,,Terrain,Baguida,Lomé,8500000.0,,4.0,https://tg.coinafrique.com/annonce/terrains/terrain-1-4-lot-togo-5782533,,2026,2,2026-Q2
coinafrique_scraped,5767269,Location villa duplex 5 pièces piscine et jardin Totsi,louer,Villa,Totsi,Lomé,2000000.0,5.0,,https://tg.coinafrique.com/annonce/villas/location-villa-duplex-5-pieces-piscine-et-jardin-totsi-5767269,,2026,2,2026-Q2
coinafrique_scraped,5764349,Vente maison - Adidogomé ségbé,vendre,Maison,Adidogomé,Lomé,35000000.0,,,https://tg.coinafrique.com/annonce/villas/vente-maison-adidogome-segbe-5764349,,2026,2,2026-Q2
coinafrique_scraped,5764356,Terrain 1 lot - Nukafu,,Terrain,Baguida,Lomé,60000000.0,,1.0,https://tg.coinafrique.com/annonce/terrains/terrain-1-lot-nukafu-5764356,,2026,2,2026-Q2
coinafrique_scraped,5794938,Terrain 2 lots  angle rue avec titre foncier personnel à Adetikopé lycée,,Terrain,Baguida,Lomé,25000000.0,,2.0,https://tg.coinafrique.com/annonce/terrains/terrain-2-lots-angle-rue-avec-titre-foncier-personnel-a-adetikope-lycee-5794938,,2026,2,2026-Q2
coinafrique_scraped,5779079,Location villa 3 pièces - Agoe Total État Major,louer,Villa,Baguida,Lomé,150000.0,3.0,,https://tg.coinafrique.com/annonce/villas/location-villa-3-pieces-agoe-total-etat-major-5779079,,2026,2,2026-Q2
coinafrique_scraped,5783115,Terrain 1 lot avec titre foncier à Agoè assiyeye poste,,Terrain,Agoè,Lomé,42000000.0,,1.0,https://tg.coinafrique.com/annonce/terrains/terrain-1-lot-avec-titre-foncier-a-agoe-assiyeye-poste-5783115,,2026,2,2026-Q2
coinafrique_scraped,5785215,Terrain 1/2 lot - Agoé,,Terrain,Agoè,Lomé,28000000.0,,2.0,https://tg.coinafrique.com/annonce/terrains/terrain-1-2-lot-agoe-5785215,,2026,2,2026-Q2
coinafrique_scraped,5794882,Vente hôtel avec piscine sur 2 lot au bord du goudron vue sur la mer - Alogavi,vendre,,Baguida,Lomé,600000000.0,,2.0,https://tg.coinafrique.com/annonce/bureaux-et-commerces/vente-hotel-avec-piscine-sur-2-lot-au-bord-du-goudron-vue-sur-la-mer-alogavi-5794882,,2026,2,2026-Q2
coinafrique_scraped,5779055,Vente maison 5 pièces à légbassito zone  des sœurs.avec titre foncier personnel,vendre,Maison,Légbassito,Lomé,19000000.0,5.0,,https://tg.coinafrique.com/annonce/villas/vente-maison-5-pieces-a-legbassito-zone-des-sursavec-titre-foncier-personnel-5779055,,2026,2,2026-Q2
coinafrique_scraped,5780958,Terrain 1/2 lot - Zanguera maco.,,Terrain,Baguida,Lomé,13000000.0,,2.0,https://tg.coinafrique.com/annonce/terrains/terrain-1-2-lot-zanguera-maco-5780958,,2026,2,2026-Q2
coinafrique_scraped,5785203,Terrain 1lot clôturé - Agoé,,Terrain,Agoè,Lomé,38000000.0,,1.0,https://tg.coinafrique.com/annonce/terrains/terrain-1lot-cloture-agoe-5785203,,2026,2,2026-Q2
coinafrique_scraped,5783068,Location villa de 03 pièces à Nukafu togocel,louer,Villa,Baguida,Lomé,200000.0,3.0,,https://tg.coinafrique.com/annonce/villas/location-villa-de-03-pieces-a-nukafu-togocel-5783068,,2026,2,2026-Q2
coinafrique_scraped,5768703,Vente maison de 04 pièces - Avedji sun-city,vendre,Maison,Avédji,Lomé,53000000.0,4.0,,https://tg.coinafrique.com/annonce/villas/vente-maison-de-04-pieces-avedji-sun-city-5768703,,2026,2,2026-Q2
coinafrique_scraped,5785190,Terrain  1/2 lot - Avedji,,Terrain,Avédji,Lomé,35000000.0,,2.0,https://tg.coinafrique.com/annonce/terrains/terrain-1-2-lot-avedji-5785190,,2026,2,2026-Q2
coinafrique_scraped,5803105,Vente villa triplex  7 pièces  - Tokoin,vendre,Villa,Tokoin,Lomé,,7.0,,https://tg.coinafrique.com/annonce/villas/vente-villa-triplex-7-pieces-tokoin-5803105,,2026,2,2026-Q2
coinafrique_scraped,5799368,Vente villa duplex  7 pièces - Kodjoviakopé,vendre,Villa,Kodjoviakopé,Lomé,150000000.0,7.0,,https://tg.coinafrique.com/annonce/villas/vente-villa-duplex-7-pieces-kodjoviakope-5799368,,2026,2,2026-Q2
coinafrique_scraped,5803101,Location villa 5 pièces - Forever,louer,Villa,Baguida,Lomé,1500000.0,5.0,,https://tg.coinafrique.com/annonce/villas/location-villa-5-pieces-forever-5803101,,2026,2,2026-Q2
coinafrique_scraped,5783082,Terrain 1 lot  à Agoè assiyeye,,Terrain,Agoè,Lomé,42000000.0,,1.0,https://tg.coinafrique.com/annonce/terrains/terrain-1-lot-a-agoe-assiyeye-5783082,,2026,2,2026-Q2
coinafrique_scraped,5785148,Vente villa triplex  6pièces  - Djidjole,vendre,Villa,Baguida,Lomé,300000000.0,6.0,,https://tg.coinafrique.com/annonce/villas/vente-villa-triplex-6pieces-djidjole-5785148,,2026,2,2026-Q2
coinafrique_scraped,5798092,Terrain  1lot - Akodessewo,,Terrain,Baguida,Lomé,40000000.0,,1.0,https://tg.coinafrique.com/annonce/terrains/terrain-1lot-akodessewo-5798092,,2026,2,2026-Q2
coinafrique_scraped,5783010,Vente villa duplex 4 pièces à Hedranawoe,vendre,Villa,Baguida,Lomé,160000000.0,4.0,,https://tg.coinafrique.com/annonce/villas/vente-villa-duplex-4-pieces-a-hedranawoe-5783010,,2026,2,2026-Q2
coinafrique_scraped,5798083,Terrain 3 lots collés  -Aadewui,,Terrain,Baguida,Lomé,450000000.0,,3.0,https://tg.coinafrique.com/annonce/terrains/terrain-3-lots-colles-aadewui-5798083,,2026,2,2026-Q2
coinafrique_scraped,5799325,Terrain 1/2 lot -  Zanguéra akepedo,,Terrain,Zanguéra,Lomé,9000000.0,,2.0,https://tg.coinafrique.com/annonce/terrains/terrain-1-2-lot-zanguera-akepedo-5799325,,2026,2,2026-Q2
coinafrique_scraped,5798089,Terrain 1lot  - Agoe legbassito,,Terrain,Baguida,Lomé,23000000.0,,1.0,https://tg.coinafrique.com/annonce/terrains/terrain-1lot-agoe-legbassito-5798089,,2026,2,2026-Q2
coinafrique_scraped,5772203,Terrain 1 lot 1/4 lot - djidjolé,,Terrain,Djidjolé,Lomé,40000000.0,,1.0,https://tg.coinafrique.com/annonce/terrains/terrain-1-lot-1-4-lot-djidjole-5772203,,2026,2,2026-Q2
coinafrique_scraped,5798077,Terrain  10 lots collés - Agoe,,Terrain,Baguida,Lomé,150000000.0,,10.0,https://tg.coinafrique.com/annonce/terrains/terrain-10-lots-colles-agoe-5798077,,2026,2,2026-Q2
coinafrique_scraped,5772200,Terrain  1/4 lot - Agoe assiyéyé,,Terrain,Agoè,Lomé,15000000.0,,4.0,https://tg.coinafrique.com/annonce/terrains/terrain-1-4-lot-agoe-assiyeye-5772200,,2026,2,2026-Q2
coinafrique_scraped,5775823,Location entrepôt avec des bureaux - Agoè ccl,louer,Bureau,Agoè,Lomé,800000.0,,,https://tg.coinafrique.com/annonce/bureaux-et-commerces/location-entrepot-avec-des-bureaux-agoe-ccl-5775823,,2026,2,2026-Q2
coinafrique_scraped,5798065,Terrain 1lot  - Baguida,,Terrain,Baguida,Lomé,45000000.0,,1.0,https://tg.coinafrique.com/annonce/terrains/terrain-1lot-baguida-5798065,,2026,2,2026-Q2
coinafrique_scraped,5768640,Vente villa de 04 pièces hédzranawoé,vendre,Villa,Hédzranawoé,Lomé,160000000.0,4.0,,https://tg.coinafrique.com/annonce/villas/vente-villa-de-04-pieces-hedzranawoe-5768640,,2026,2,2026-Q2
coinafrique_scraped,5775818,Location villa de 03 pièces à Adidogomé,louer,Villa,Adidogomé,Lomé,300000.0,3.0,,https://tg.coinafrique.com/annonce/villas/location-villa-de-03-pieces-a-adidogome-5775818,,2026,2,2026-Q2
coinafrique_scraped,5803034,Studio meublé à cacavéli,,Studio,Cacavéli,Lomé,160000.0,,,https://tg.coinafrique.com/annonce/appartements-meubles/studio-meuble-a-cacaveli-5803034,,2026,2,2026-Q2
coinafrique_scraped,5782952,Terrain  1lot ⅓ - Adidogomé,,Terrain,Adidogomé,Lomé,45000000.0,,1.0,https://tg.coinafrique.com/annonce/terrains/terrain-1lot-adidogome-5782952,,2026,2,2026-Q2
coinafrique_scraped,5775803,Location studio meublé à Agoè assiyéyé,louer,Studio,Agoè,Lomé,185000.0,,,https://tg.coinafrique.com/annonce/appartements-meubles/location-studio-meuble-a-agoe-assiyeye-5775803,,2026,2,2026-Q2
coinafrique_scraped,5762599,Terrain 1 lot  - Agbalepedo,,Terrain,Baguida,Lomé,50000000.0,,1.0,https://tg.coinafrique.com/annonce/terrains/terrain-1-lot-agbalepedo-5762599,,2026,2,2026-Q2
coinafrique_scraped,5775796,Location studio meublé à Adidogomé lycée technique,louer,Studio,Adidogomé,Lomé,185000.0,,,https://tg.coinafrique.com/annonce/appartements-meubles/location-studio-meuble-a-adidogome-lycee-technique-5775796,,2026,2,2026-Q2
coinafrique_scraped,5775794,Location studio meublé à Totsi glinkomé,louer,Studio,Totsi,Lomé,200000.0,,,https://tg.coinafrique.com/annonce/appartements-meubles/location-studio-meuble-a-totsi-glinkome-5775794,,2026,2,2026-Q2
coinafrique_scraped,5777418,Location villa 4 pièces - Kégué,louer,Villa,Kégué,Lomé,350.0,4.0,,https://tg.coinafrique.com/annonce/villas/location-villa-4-pieces-kegue-5777418,,2026,2,2026-Q2
coinafrique_scraped,5799270,Terrain 1 lot  - Agbalepedo .,,Terrain,Baguida,Lomé,67000000.0,,1.0,https://tg.coinafrique.com/annonce/terrains/terrain-1-lot-agbalepedo-5799270,,2026,2,2026-Q2
coinafrique_scraped,5799263,Terrain  - Agoe legbassito,,Terrain,Agoè,Lomé,8500000.0,,,https://tg.coinafrique.com/annonce/terrains/terrain-agoe-legbassito-5799263,,2026,2,2026-Q2
coinafrique_scraped,5777412,Location villa 4 pièces - Adidogome Wonyomé,louer,Villa,Baguida,Lomé,650000.0,4.0,,https://tg.coinafrique.com/annonce/villas/location-villa-4-pieces-adidogome-wonyome-5777412,,2026,2,2026-Q2
coinafrique_scraped,5782917,Terrain 1 lot avec titre foncier personnel à Soviepe,,Terrain,Baguida,Lomé,35000000.0,,1.0,https://tg.coinafrique.com/annonce/terrains/terrain-1-lot-avec-titre-foncier-personnel-a-soviepe-5782917,,2026,2,2026-Q2
coinafrique_scraped,5775790,Location boutique au bord du goudron à Be kpehenou,louer,Boutique,Baguida,Lomé,250000.0,,,https://tg.coinafrique.com/annonce/bureaux-et-commerces/location-boutique-au-bord-du-goudron-a-be-kpehenou-5775790,,2026,2,2026-Q2
coinafrique_scraped,5782901,Vente villa 8 pièces avec piscine sur deux lots à Baguida bkbg,vendre,Villa,Baguida,Lomé,370000000.0,8.0,,https://tg.coinafrique.com/annonce/villas/vente-villa-8-pieces-avec-piscine-sur-deux-lots-a-baguida-bkbg-5782901,,2026,2,2026-Q2
coinafrique_scraped,5797993,Vente  villa 6 pièces -Avedji limousine,vendre,Villa,Avédji,Lomé,47000000.0,6.0,,https://tg.coinafrique.com/annonce/villas/vente-villa-6-pieces-avedji-limousine-5797993,,2026,2,2026-Q2
coinafrique_scraped,5782847,Vente villa duplex de 7 pièces avec piscine - Adidogomé,vendre,Villa,Adidogomé,Lomé,360000000.0,7.0,,https://tg.coinafrique.com/annonce/villas/vente-villa-duplex-de-7-pieces-avec-piscine-adidogome-5782847,,2026,2,2026-Q2
coinafrique_scraped,5786528,Terrain 1 lot ¾ à segbé,,Terrain,Baguida,Lomé,33000000.0,,1.0,https://tg.coinafrique.com/annonce/terrains/terrain-1-lot-a-segbe-5786528,,2026,2,2026-Q2
coinafrique_scraped,5782836,Terrain 1lot  à Agoè minamadou,,Terrain,Agoè,Lomé,35000000.0,,1.0,https://tg.coinafrique.com/annonce/terrains/terrain-1lot-a-agoe-minamadou-5782836,,2026,2,2026-Q2
coinafrique_scraped,5802928,Terrains 600  - grand marché de lomé,,Terrain,Baguida,Lomé,16000000.0,,,https://tg.coinafrique.com/annonce/terrains/terrains-600-grand-marche-de-lome-5802928,,2026,2,2026-Q2
coinafrique_scraped,5762471,Vente villa 04 pièces  -Adetikopé kpotavé,vendre,Villa,Baguida,Lomé,85000000.0,4.0,,https://tg.coinafrique.com/annonce/villas/vente-villa-04-pieces-adetikope-kpotave-5762471,,2026,2,2026-Q2
coinafrique_scraped,5778963,Terrain 1000m² - Zanguéra klémé château,,Terrain,Zanguéra,Lomé,30000000.0,,1000.0,https://tg.coinafrique.com/annonce/terrains/terrain-1000m-zanguera-kleme-chateau-5778963,,2026,2,2026-Q2
coinafrique_scraped,5782849,Location appartement meublé à Attiegou dva,louer,Appartement,Baguida,Lomé,180000.0,,,https://tg.coinafrique.com/annonce/appartements-meubles/location-appartement-meuble-a-attiegou-dva-5782849,,2026,2,2026-Q2
coinafrique_scraped,5775685,Terrain 1 lot 541 m² - Baguida,,Terrain,Baguida,Lomé,40000000.0,,1.0,https://tg.coinafrique.com/annonce/terrains/terrain-1-lot-541-m-baguida-5775685,,2026,2,2026-Q2
coinafrique_scraped,5766896,Vente villa 4 pièces piscine et jardin  à  Baguida,vendre,Villa,Baguida,Lomé,350000000.0,4.0,,https://tg.coinafrique.com/annonce/villas/vente-villa-4-pieces-piscine-et-jardin-a-baguida-5766896,,2026,2,2026-Q2
coinafrique_scraped,5762438,Terrain 200m²  -Atiégou,,Terrain,Baguida,Lomé,15000000.0,,200.0,https://tg.coinafrique.com/annonce/terrains/terrain-200m-atiegou-5762438,,2026,2,2026-Q2
coinafrique_scraped,5782814,Terrain 400m² à mission Tové,,Terrain,Mission Tové,Lomé,5000000.0,,400.0,https://tg.coinafrique.com/annonce/terrains/terrain-400m-a-mission-tove-5782814,,2026,2,2026-Q2
coinafrique_scraped,5770164,Terrain  1/2 lot - Zanguéra,,Terrain,Zanguéra,Lomé,12000000.0,,2.0,https://tg.coinafrique.com/annonce/terrains/terrain-1-2-lot-zanguera-5770164,,2026,2,2026-Q2
coinafrique_scraped,5755035,Vente villa 6 pièces - Agoè,vendre,Villa,Agoè,Lomé,65000000.0,6.0,,https://tg.coinafrique.com/annonce/villas/vente-villa-6-pieces-agoe-5755035,,2026,2,2026-Q2
coinafrique_scraped,5777182,Vente villa 06 pièces - adidogomé balissimé,vendre,Villa,Adidogomé,Lomé,360000000.0,6.0,,https://tg.coinafrique.com/annonce/villas/vente-villa-06-pieces-adidogome-balissime-5777182,,2026,2,2026-Q2
coinafrique_scraped,5794610,Terrain 1/2 lot  à avedji CEG,,Terrain,Avédji,Lomé,22000000.0,,2.0,https://tg.coinafrique.com/annonce/terrains/terrain-1-2-lot-a-avedji-ceg-5794610,,2026,2,2026-Q2
coinafrique_scraped,5787651,Terrain 1lot  - Togo,,Terrain,Baguida,Lomé,90000000.0,,1.0,https://tg.coinafrique.com/annonce/terrains/terrain-1lot-togo-5787651,,2026,2,2026-Q2
coinafrique_scraped,5773579,Terrain 1 lot -Legbassito,,Terrain,Baguida,Lomé,95000000.0,,1.0,https://tg.coinafrique.com/annonce/terrains/terrain-1-lot-legbassito-5773579,,2026,2,2026-Q2
coinafrique_scraped,5780689,Terrain 02 lots collés à Apessito ceg,,Terrain,Baguida,Lomé,26000000.0,,2.0,https://tg.coinafrique.com/annonce/terrains/terrain-02-lots-colles-a-apessito-ceg-5780689,,2026,2,2026-Q2
coinafrique_scraped,5765231,Terrain 01 lot - bè klikamé,,Terrain,Bè,Lomé,60000000.0,,1.0,https://tg.coinafrique.com/annonce/terrains/terrain-01-lot-be-klikame-5765231,,2026,2,2026-Q2
coinafrique_scraped,5780697,Terrain ½ lot à  Apessito catholique,,Terrain,Baguida,Lomé,11000000.0,,,https://tg.coinafrique.com/annonce/terrains/terrain-lot-a-apessito-catholique-5780697,,2026,2,2026-Q2
coinafrique_scraped,5762318,Terrain 02 lots - Lomé_Klikamé,,Terrain,Baguida,Lomé,50000000.0,,2.0,https://tg.coinafrique.com/annonce/terrains/terrain-02-lots-lome-klikame-5762318,,2026,2,2026-Q2
coinafrique_scraped,5763936,Terrain  1 lot - Djidjolé obu,,Terrain,Djidjolé,Lomé,75000000.0,,1.0,https://tg.coinafrique.com/annonce/terrains/terrain-1-lot-djidjole-obu-5763936,,2026,2,2026-Q2
coinafrique_scraped,5780662,Location villa 4 pièces à Kegué,louer,Villa,Baguida,Lomé,500000.0,4.0,,https://tg.coinafrique.com/annonce/villas/location-villa-4-pieces-a-kegue-5780662,,2026,2,2026-Q2
coinafrique_scraped,5760269,Vente villa 3 pièces à Kégué,vendre,Villa,Kégué,Lomé,48000000.0,3.0,,https://tg.coinafrique.com/annonce/villas/vente-villa-3-pieces-a-kegue-5760269,,2026,2,2026-Q2
coinafrique_scraped,5766823,Location appartement 03 chambres Avedji Léo 2000,louer,Appartement,Baguida,Lomé,200000.0,3.0,,https://tg.coinafrique.com/annonce/appartements/location-appartement-03-chambres-avedji-leo-2000-5766823,,2026,2,2026-Q2
coinafrique_scraped,5782651,Location villa climatisées de 04 pièces à Adidogomé douane,louer,Villa,Adidogomé,Lomé,300000.0,4.0,,https://tg.coinafrique.com/annonce/villas/location-villa-climatisees-de-04-pieces-a-adidogome-douane-5782651,,2026,2,2026-Q2
coinafrique_scraped,5760264,Terrain 1 lot  à Totsi,,Terrain,Totsi,Lomé,90000000.0,,1.0,https://tg.coinafrique.com/annonce/terrains/terrain-1-lot-a-totsi-5760264,,2026,2,2026-Q2
coinafrique_scraped,5760260,Terrain 1 lot et quart  à Avenou,,Terrain,Avenou,Lomé,55000000.0,,1.0,https://tg.coinafrique.com/annonce/terrains/terrain-1-lot-et-quart-a-avenou-5760260,,2026,2,2026-Q2
coinafrique_scraped,5794528,Location villa de 06 pièces à tokoin protestant,louer,Villa,Tokoin,Lomé,400000.0,6.0,,https://tg.coinafrique.com/annonce/villas/location-villa-de-06-pieces-a-tokoin-protestant-5794528,,2026,2,2026-Q2
coinafrique_scraped,5760249,Terrain 2 lots  à Agoè legbassito assikor,,Terrain,Agoè,Lomé,18000000.0,,2.0,https://tg.coinafrique.com/annonce/terrains/terrain-2-lots-a-agoe-legbassito-assikor-5760249,,2026,2,2026-Q2
coinafrique_scraped,5760236,Terrain 1 lot et quart  à Totsi,,Terrain,Totsi,Lomé,60000000.0,,1.0,https://tg.coinafrique.com/annonce/terrains/terrain-1-lot-et-quart-a-totsi-5760236,,2026,2,2026-Q2
coinafrique_scraped,5766787,Vente villa duplex 3 chambres salon à  Hedzranawoé Nathaba,vendre,Villa,Baguida,Lomé,250000000.0,3.0,,https://tg.coinafrique.com/annonce/villas/vente-villa-duplex-3-chambres-salon-a-hedzranawoe-nathaba-5766787,,2026,2,2026-Q2
coinafrique_scraped,5786410,Location villa 4 pièces - kégué koffi kpanou,louer,Villa,Kégué,Lomé,120000.0,4.0,,https://tg.coinafrique.com/annonce/villas/location-villa-4-pieces-kegue-koffi-kpanou-5786410,,2026,2,2026-Q2
coinafrique_scraped,5790784,Location villa duplex 6 pièces avec piscine de 05 pièces à  Baguida,louer,Villa,Baguida,Lomé,1500000.0,6.0,,https://tg.coinafrique.com/annonce/villas/location-villa-duplex-6-pieces-avec-piscine-de-05-pieces-a-baguida-5790784,,2026,2,2026-Q2
coinafrique_scraped,5777080,Location villa de 03 pièces à zanguera la madone,louer,Villa,Baguida,Lomé,120000.0,3.0,,https://tg.coinafrique.com/annonce/villas/location-villa-de-03-pieces-a-zanguera-la-madone-5777080,,2026,2,2026-Q2
coinafrique_scraped,5766779,Vente maison  à Adidogomé Rail,vendre,Maison,Adidogomé,Lomé,25000000.0,,,https://tg.coinafrique.com/annonce/villas/vente-maison-a-adidogome-rail-5766779,,2026,2,2026-Q2
coinafrique_scraped,5758390,Vente villa 5 pièces à Baguida,vendre,Villa,Baguida,Lomé,500000000.0,5.0,,https://tg.coinafrique.com/annonce/villas/vente-villa-5-pieces-a-baguida-5758390,,2026,2,2026-Q2
coinafrique_scraped,5770007,Vente villa 4 pièces à Djidjole,vendre,Villa,Baguida,Lomé,27000000.0,4.0,,https://tg.coinafrique.com/annonce/villas/vente-villa-4-pieces-a-djidjole-5770007,,2026,2,2026-Q2
coinafrique_scraped,5782901,Vente villa 8 pièces avec piscine sur deux lots à Baguida bkbg,vendre,Villa,Baguida,Lomé,370000000.0,8.0,,https://tg.coinafrique.com/annonce/villas/vente-villa-8-pieces-avec-piscine-sur-deux-lots-a-baguida-bkbg-5782901,,2026,2,2026-Q2
coinafrique_scraped,5780462,Vente villa duplex 5 chambres 2 salons pAgbalepedo iscine,vendre,Villa,Baguida,Lomé,190000000.0,5.0,,https://tg.coinafrique.com/annonce/villas/vente-villa-duplex-5-chambres-2-salons-pagbalepedo-iscine-5780462,,2026,2,2026-Q2
coinafrique_scraped,5800792,Vente villa 8 pièces avec meubles Lomé-Avepozo,vendre,Villa,Baguida,Lomé,400000000.0,8.0,,https://tg.coinafrique.com/annonce/villas/vente-villa-8-pieces-avec-meubles-lome-avepozo-5800792,,2026,2,2026-Q2
coinafrique_scraped,5781818,Terrain  1 lot à Tokoin super taco,,Terrain,Tokoin,Lomé,80000000.0,,1.0,https://tg.coinafrique.com/annonce/terrains/terrain-1-lot-a-tokoin-super-taco-5781818,,2026,2,2026-Q2
coinafrique_scraped,5801954,Terrain  1/4 lot à Zanguéra,,Terrain,Zanguéra,Lomé,5000000.0,,4.0,https://tg.coinafrique.com/annonce/terrains/terrain-1-4-lot-a-zanguera-5801954,,2026,2,2026-Q2
coinafrique_scraped,5697189,Location villa 3 chambres salon à Agoè bks2,louer,Villa,Agoè,Lomé,170000.0,3.0,,https://tg.coinafrique.com/annonce/villas/location-villa-3-chambres-salon-a-agoe-bks2-5697189,,2026,2,2026-Q2
coinafrique_scraped,5797276,Terrain 4 lots de 2407 m² - Baguida,,Terrain,Baguida,Lomé,75000000.0,,4.0,https://tg.coinafrique.com/annonce/terrains/terrain-4-lots-de-2407-m-baguida-5797276,,2026,2,2026-Q2
coinafrique_scraped,5792089,Vente villa R+2 à  Zanguera,vendre,Villa,Baguida,Lomé,34000000.0,,,https://tg.coinafrique.com/annonce/villas/vente-villa-r2-a-zanguera-5792089,,2026,2,2026-Q2
coinafrique_scraped,5782238,Location appartement 4 chambres salon à  Agoè camp fir,louer,Appartement,Agoè,Lomé,150000.0,4.0,,https://tg.coinafrique.com/annonce/appartements/location-appartement-4-chambres-salon-a-agoe-camp-fir-5782238,,2026,2,2026-Q2
coinafrique_scraped,5796227,Terrain  4 lots -  Adidopgomé,,Terrain,Baguida,Lomé,80000000.0,,4.0,https://tg.coinafrique.com/annonce/terrains/terrain-4-lots-adidopgome-5796227,,2026,2,2026-Q2
coinafrique_scraped,5758377,Terrain 1 lot à Agoè legbassito,,Terrain,Agoè,Lomé,23000000.0,,1.0,https://tg.coinafrique.com/annonce/terrains/terrain-1-lot-a-agoe-legbassito-5758377,,2026,2,2026-Q2
coinafrique_scraped,5754910,Location résidence  à la Caisse,louer,,Baguida,Lomé,2600000.0,,,https://tg.coinafrique.com/annonce/villas/location-residence-a-la-caisse-5754910,,2026,2,2026-Q2
coinafrique_scraped,5758374,Vente villa à Assiyeye,vendre,Villa,Baguida,Lomé,45000000.0,,,https://tg.coinafrique.com/annonce/villas/vente-villa-a-assiyeye-5758374,,2026,2,2026-Q2
coinafrique_scraped,5758368,Terrain 1 lot  à Klikamé,,Terrain,Baguida,Lomé,80000000.0,,1.0,https://tg.coinafrique.com/annonce/terrains/terrain-1-lot-a-klikame-5758368,,2026,2,2026-Q2
coinafrique_scraped,5758361,Terrain 2 lots à Adetikope,,Terrain,Baguida,Lomé,25000000.0,,2.0,https://tg.coinafrique.com/annonce/terrains/terrain-2-lots-a-adetikope-5758361,,2026,2,2026-Q2
coinafrique_scraped,5758366,Vente villa  à Segbe,vendre,Villa,Baguida,Lomé,55000000.0,,,https://tg.coinafrique.com/annonce/villas/vente-villa-a-segbe-5758366,,2026,2,2026-Q2
coinafrique_scraped,5777064,Location appartement 02 pièces à Amadahome,louer,Appartement,Baguida,Lomé,85000.0,2.0,,https://tg.coinafrique.com/annonce/appartements/location-appartement-02-pieces-a-amadahome-5777064,,2026,2,2026-Q2
coinafrique_scraped,5789290,Terrain 1/2 lot - Agoè Dikamé Bernad Kopé,,Terrain,Agoè,Lomé,4500000.0,,2.0,https://tg.coinafrique.com/annonce/terrains/terrain-1-2-lot-agoe-dikame-bernad-kope-5789290,,2026,2,2026-Q2
coinafrique_scraped,5758349,Terrain 2 lots à Klikamé,,Terrain,Baguida,Lomé,50000000.0,,2.0,https://tg.coinafrique.com/annonce/terrains/terrain-2-lots-a-klikame-5758349,,2026,2,2026-Q2
coinafrique_scraped,5758352,Terrain 1 lot à Agbalepedo gta,,Terrain,Baguida,Lomé,65000000.0,,1.0,https://tg.coinafrique.com/annonce/terrains/terrain-1-lot-a-agbalepedo-gta-5758352,,2026,2,2026-Q2
coinafrique_scraped,5758358,Location villa  dans la cité Oua,louer,Villa,Baguida,Lomé,2000000000.0,,,https://tg.coinafrique.com/annonce/villas/location-villa-dans-la-cite-oua-5758358,,2026,2,2026-Q2
coinafrique_scraped,5758354,Terrain 1 lot et demi à Adidogome,,Terrain,Baguida,Lomé,47000000.0,,1.0,https://tg.coinafrique.com/annonce/terrains/terrain-1-lot-et-demi-a-adidogome-5758354,,2026,2,2026-Q2
coinafrique_scraped,5780602,Terrain 1/ 2  lot  solidement clôturé - Vakpossito Mobossa,,Terrain,Baguida,Lomé,14000000.0,,2.0,https://tg.coinafrique.com/annonce/terrains/terrain-1-2-lot-solidement-cloture-vakpossito-mobossa-5780602,,2026,2,2026-Q2
coinafrique_scraped,5758343,Terrain ½ lot à Avédji,,Terrain,Avédji,Lomé,33000000.0,,,https://tg.coinafrique.com/annonce/terrains/terrain-lot-a-avedji-5758343,,2026,2,2026-Q2
coinafrique_scraped,5780597,Vente villa duplex 6 pièces à Baguida,vendre,Villa,Baguida,Lomé,85000000.0,6.0,,https://tg.coinafrique.com/annonce/villas/vente-villa-duplex-6-pieces-a-baguida-5780597,,2026,2,2026-Q2
coinafrique_scraped,5780585,Terrain  4 lots collés à Akepé,,Terrain,Aképé,Lomé,7000000.0,,4.0,https://tg.coinafrique.com/annonce/terrains/terrain-4-lots-colles-a-akepe-5780585,,2026,2,2026-Q2
coinafrique_scraped,5780586,Terrain 2 lots - Agoè,,Terrain,Agoè,Lomé,100000000.0,,2.0,https://tg.coinafrique.com/annonce/terrains/terrain-2-lots-agoe-5780586,,2026,2,2026-Q2
coinafrique_scraped,5782558,Terrain 1/2 lot - Agoè,,Terrain,Agoè,Lomé,15000000.0,,2.0,https://tg.coinafrique.com/annonce/terrains/terrain-1-2-lot-agoe-5782558,,2026,2,2026-Q2
coinafrique_scraped,5768371,Terrain 597m² au bord du boulevard jean paul 2,,Terrain,Baguida,Lomé,160000000.0,,597.0,https://tg.coinafrique.com/annonce/terrains/terrain-597m-au-bord-du-boulevard-jean-paul-2-5768371,,2026,2,2026-Q2
coinafrique_scraped,5769990,Vente villa 3 pièces à zanguéra,vendre,Villa,Zanguéra,Lomé,55000000.0,3.0,,https://tg.coinafrique.com/annonce/villas/vente-villa-3-pieces-a-zanguera-5769990,,2026,2,2026-Q2
coinafrique_scraped,5778829,Terrain 1/2 lot -  Amadahomè pharmacie,,Terrain,Baguida,Lomé,18000000.0,,2.0,https://tg.coinafrique.com/annonce/terrains/terrain-1-2-lot-amadahome-pharmacie-5778829,,2026,2,2026-Q2
coinafrique_scraped,5780584,Terrain 3/4 lot - Lomé aneho,,Terrain,Baguida,Lomé,30000000.0,,4.0,https://tg.coinafrique.com/annonce/terrains/terrain-3-4-lot-lome-aneho-5780584,,2026,2,2026-Q2
coinafrique_scraped,5782551,Terrain 1 lot - Legbassito,,Terrain,Légbassito,Lomé,15000000.0,,1.0,https://tg.coinafrique.com/annonce/terrains/terrain-1-lot-legbassito-5782551,,2026,2,2026-Q2
coinafrique_scraped,5780581,Terrain 1 lot - Akodessewa,,Terrain,Baguida,Lomé,58000000.0,,1.0,https://tg.coinafrique.com/annonce/terrains/terrain-1-lot-akodessewa-5780581,,2026,2,2026-Q2
coinafrique_scraped,5780580,Terrain - Tsevié,,Terrain,Baguida,Lomé,3500000.0,,,https://tg.coinafrique.com/annonce/terrains/terrain-tsevie-5780580,,2026,2,2026-Q2
coinafrique_scraped,5778818,Vente maison 9 pièces - Avédji,vendre,Maison,Avédji,Lomé,18000000.0,9.0,,https://tg.coinafrique.com/annonce/villas/vente-maison-9-pieces-avedji-5778818,,2026,2,2026-Q2
coinafrique_scraped,5769970,Vente maison de location à Agoè koffi panou,vendre,Maison,Agoè,Lomé,22000000.0,,,https://tg.coinafrique.com/annonce/villas/vente-maison-de-location-a-agoe-koffi-panou-5769970,,2026,2,2026-Q2
coinafrique_scraped,5798997,Terrain 1lot  - Akodessewo,,Terrain,Baguida,Lomé,85000000.0,,1.0,https://tg.coinafrique.com/annonce/terrains/terrain-1lot-akodessewo-5798997,,2026,2,2026-Q2
coinafrique_scraped,5798999,Terrain  1lot - Tokoin forever,,Terrain,Tokoin,Lomé,81000000.0,,1.0,https://tg.coinafrique.com/annonce/terrains/terrain-1lot-tokoin-forever-5798999,,2026,2,2026-Q2
coinafrique_scraped,5777103,Location studio meublé  - Avedji,louer,Studio,Totsi,Lomé,200000.0,,,https://tg.coinafrique.com/annonce/appartements-meubles/location-studio-meuble-avedji-5777103,,2026,2,2026-Q2
coinafrique_scraped,5780575,Terrain 2 lots - agoè,,Terrain,Agoè,Lomé,50000000.0,,2.0,https://tg.coinafrique.com/annonce/terrains/terrain-2-lots-agoe-5780575,,2026,2,2026-Q2
coinafrique_scraped,5784699,Terrain 65lots - Bagbé,,Terrain,Baguida,Lomé,2000000.0,,65.0,https://tg.coinafrique.com/annonce/terrains/terrain-65lots-bagbe-5784699,,2026,2,2026-Q2
coinafrique_scraped,5784697,Vente maison 3 pièces - Tokoin,vendre,Maison,Tokoin,Lomé,80000000.0,3.0,,https://tg.coinafrique.com/annonce/villas/vente-maison-3-pieces-tokoin-5784697,,2026,2,2026-Q2
coinafrique_scraped,5777096,Location appartement - Adidogomé,louer,Appartement,Adidogomé,Lomé,55000.0,,,https://tg.coinafrique.com/annonce/appartements/location-appartement-adidogome-5777096,,2026,2,2026-Q2
coinafrique_scraped,5777092,Location appartements - Adidogomé,louer,Appartement,Adidogomé,Lomé,35000.0,,,https://tg.coinafrique.com/annonce/chambres/location-appartements-adidogome-5777092,,2026,2,2026-Q2
coinafrique_scraped,5782542,Terrain 3 lots - Baguida,,Terrain,Baguida,Lomé,170000000.0,,3.0,https://tg.coinafrique.com/annonce/terrains/terrain-3-lots-baguida-5782542,,2026,2,2026-Q2
coinafrique_scraped,5782539,Terrain 4 lots - Agodeké,,Terrain,Baguida,Lomé,25000000.0,,4.0,https://tg.coinafrique.com/annonce/terrains/terrain-4-lots-agodeke-5782539,,2026,2,2026-Q2
coinafrique_scraped,5780559,Location appartement 3 pièces - Agoè logopé tazo,louer,Appartement,Agoè,Lomé,70000.0,3.0,,https://tg.coinafrique.com/annonce/appartements/location-appartement-3-pieces-agoe-logope-tazo-5780559,,2026,2,2026-Q2
coinafrique_scraped,5782531,Vente  maison 3 pièces à Adidogomè hôtel nord sud,vendre,Maison,Adidogomé,Lomé,18000000.0,3.0,,https://tg.coinafrique.com/annonce/villas/vente-maison-3-pieces-a-adidogome-hotel-nord-sud-5782531,,2026,2,2026-Q2
coinafrique_scraped,5782526,Terrain 2 lots - Akato,,Terrain,Baguida,Lomé,23000000.0,,2.0,https://tg.coinafrique.com/annonce/terrains/terrain-2-lots-akato-5782526,,2026,2,2026-Q2
coinafrique_scraped,5780567,Terrain à Agoè Assiyiyé,,Terrain,Agoè,Lomé,13500000.0,,,https://tg.coinafrique.com/annonce/terrains/terrain-a-agoe-assiyiye-5780567,,2026,2,2026-Q2
coinafrique_scraped,5782533,Terrain 1/4 lot - Togo,,Terrain,Baguida,Lomé,8500000.0,,4.0,https://tg.coinafrique.com/annonce/terrains/terrain-1-4-lot-togo-5782533,,2026,2,2026-Q2
coinafrique_scraped,5782536,Terrain 1 lot - Adidogomé,,Terrain,Adidogomé,Lomé,40000000.0,,1.0,https://tg.coinafrique.com/annonce/terrains/terrain-1-lot-adidogome-5782536,,2026,2,2026-Q2
coinafrique_scraped,5782530,Vente villa 4 pièces - Ségbé,vendre,Villa,Baguida,Lomé,130000000.0,4.0,,https://tg.coinafrique.com/annonce/villas/vente-villa-4-pieces-segbe-5782530,,2026,2,2026-Q2
coinafrique_scraped,5782527,Terrain 4 lots - Baguida,,Terrain,Baguida,Lomé,60000000.0,,4.0,https://tg.coinafrique.com/annonce/terrains/terrain-4-lots-baguida-5782527,,2026,2,2026-Q2
coinafrique_scraped,5780560,Terrain 1/4 lot - Agoè Assiyiyé,,Terrain,Agoè,Lomé,11500000.0,,4.0,https://tg.coinafrique.com/annonce/terrains/terrain-1-4-lot-agoe-assiyiye-5780560,,2026,2,2026-Q2
coinafrique_scraped,5778813,Location appartement 3 pièces - Adidogomè atilamonou,louer,Appartement,Baguida,Lomé,90000.0,3.0,,https://tg.coinafrique.com/annonce/appartements/location-appartement-3-pieces-adidogome-atilamonou-5778813,,2026,2,2026-Q2
coinafrique_scraped,5778802,Location appartement 3 pièces - Adidogomè cap amadahomè,louer,Appartement,Baguida,Lomé,130000.0,3.0,,https://tg.coinafrique.com/annonce/appartements/location-appartement-3-pieces-adidogome-cap-amadahome-5778802,,2026,2,2026-Q2
coinafrique_scraped,5780563,Terrain 4 lots - Agoè Assiyiyé,,Terrain,Agoè,Lomé,98000000.0,,4.0,https://tg.coinafrique.com/annonce/terrains/terrain-4-lots-agoe-assiyiye-5780563,,2026,2,2026-Q2
coinafrique_scraped,5780561,Terrain  122 lot - Agoè Demakpoé,,Terrain,Agoè,Lomé,12000000.0,,122.0,https://tg.coinafrique.com/annonce/terrains/terrain-122-lot-agoe-demakpoe-5780561,,2026,2,2026-Q2
coinafrique_scraped,5784694,Terrain 1/2 lot - Agbalépédo,,Terrain,Baguida,Lomé,25000000.0,,2.0,https://tg.coinafrique.com/annonce/terrains/terrain-1-2-lot-agbalepedo-5784694,,2026,2,2026-Q2
coinafrique_scraped,5784690,Parcelle 4 lots - Baguida,,,Baguida,Lomé,50000000.0,,4.0,https://tg.coinafrique.com/annonce/terrains/parcelle-4-lots-baguida-5784690,,2026,2,2026-Q2
coinafrique_scraped,5796303,Terrain 1lot  - Zanguéra,,Terrain,Zanguéra,Lomé,18000000.0,,1.0,https://tg.coinafrique.com/annonce/terrains/terrain-1lot-zanguera-5796303,,2026,2,2026-Q2
coinafrique_scraped,5802712,Terrain  1/2 lot - Agoe assiyéyé,,Terrain,Agoè,Lomé,27000000.0,,2.0,https://tg.coinafrique.com/annonce/terrains/terrain-1-2-lot-agoe-assiyeye-5802712,,2026,2,2026-Q2
coinafrique_scraped,5787597,Location appartement 3 pièces - Adidogome Logote,louer,Appartement,Baguida,Lomé,100000.0,3.0,,https://tg.coinafrique.com/annonce/appartements/location-appartement-3-pieces-adidogome-logote-5787597,,2026,2,2026-Q2
coinafrique_scraped,5782517,Terrain 1 lot - Adétikopé,,Terrain,Baguida,Lomé,18000000.0,,1.0,https://tg.coinafrique.com/annonce/terrains/terrain-1-lot-adetikope-5782517,,2026,2,2026-Q2
coinafrique_scraped,5789208,Terrain 1/2 lot  à Agbalepedo,,Terrain,Baguida,Lomé,25000000.0,,2.0,https://tg.coinafrique.com/annonce/terrains/terrain-1-2-lot-a-agbalepedo-5789208,,2026,2,2026-Q2
coinafrique_scraped,5782520,Terrain 150 m² - Kpala,,Terrain,Baguida,Lomé,6000000.0,,150.0,https://tg.coinafrique.com/annonce/terrains/terrain-150-m-kpala-5782520,,2026,2,2026-Q2
coinafrique_scraped,5780553,Terrain 1 lot - Nukafu,,Terrain,Baguida,Lomé,60000000.0,,1.0,https://tg.coinafrique.com/annonce/terrains/terrain-1-lot-nukafu-5780553,,2026,2,2026-Q2
coinafrique_scraped,5766727,Terrain  1 lot à Dekon au bord du goudron,,Terrain,Baguida,Lomé,600000000.0,,1.0,https://tg.coinafrique.com/annonce/terrains/terrain-1-lot-a-dekon-au-bord-du-goudron-5766727,,2026,2,2026-Q2
coinafrique_scraped,5780552,Terrain 2 lots - Agoè,,Terrain,Agoè,Lomé,50000000.0,,2.0,https://tg.coinafrique.com/annonce/terrains/terrain-2-lots-agoe-5780552,,2026,2,2026-Q2
coinafrique_scraped,5782525,Terrain 1 lot - Agoè,,Terrain,Agoè,Lomé,55000000.0,,1.0,https://tg.coinafrique.com/annonce/terrains/terrain-1-lot-agoe-5782525,,2026,2,2026-Q2
coinafrique_scraped,5782523,Terrain 1/2 lot - Akepe,,Terrain,Baguida,Lomé,4200000.0,,2.0,https://tg.coinafrique.com/annonce/terrains/terrain-1-2-lot-akepe-5782523,,2026,2,2026-Q2
coinafrique_scraped,5775524,Location villa meublée 03 pièces à cito aéroport,louer,Villa,Baguida,Lomé,500000.0,3.0,,https://tg.coinafrique.com/annonce/villas/location-villa-meublee-03-pieces-a-cito-aeroport-5775524,,2026,2,2026-Q2
coinafrique_scraped,5775529,Vente entrepôt à agoè fiovi,vendre,,Agoè,Lomé,85000000.0,,,https://tg.coinafrique.com/annonce/bureaux-et-commerces/vente-entrepot-a-agoe-fiovi-5775529,,2026,2,2026-Q2
coinafrique_scraped,5780551,Terrain 1 lot - Agoè,,Terrain,Agoè,Lomé,20000000.0,,1.0,https://tg.coinafrique.com/annonce/terrains/terrain-1-lot-agoe-5780551,,2026,2,2026-Q2
coinafrique_scraped,5780549,Terrain 1 lot - Agoè,,Terrain,Agoè,Lomé,32000000.0,,1.0,https://tg.coinafrique.com/annonce/terrains/terrain-1-lot-agoe-5780549,,2026,2,2026-Q2
coinafrique_scraped,5780548,Location appartement - kégué Oqueens,louer,Appartement,Kégué,Lomé,75000.0,,,https://tg.coinafrique.com/annonce/appartements/location-appartement-kegue-oqueens-5780548,,2026,2,2026-Q2
coinafrique_scraped,5753958,"Location à Vakpo NDE Chic appartement nouvelle construction dallé staffé lumineux avec chauffe eau, d'une Chambre salon wc douche cuisine interne avec armoire de rangement + balcon bien clean , dispon",louer,Appartement,Baguida,Lomé,65000.0,,,https://tg.coinafrique.com/annonce/appartements/location-a-vakpo-nde-chic-appartement-nouvelle-construction-dalle-staffe-lumineux-avec-chauffe-eau-dune-chambre-salon-wc-douche-cuisine-interne-avec-armoire-de-rangement-balcon-bien-clean-dispon-5753958,,2026,2,2026-Q2
coinafrique_scraped,5778796,Terrain  1/2 lot - Djagblé,,Terrain,Baguida,Lomé,6000000.0,,2.0,https://tg.coinafrique.com/annonce/terrains/terrain-1-2-lot-djagble-5778796,,2026,2,2026-Q2
coinafrique_scraped,5769924,Location villa duplex 05 pièces Gnekonakpoé,louer,Villa,Nyékonakpoè,Lomé,800000.0,5.0,,https://tg.coinafrique.com/annonce/villas/location-villa-duplex-05-pieces-gnekonakpoe-5769924,,2026,2,2026-Q2
coinafrique_scraped,5780538,Terrain 1 lot - Agoè Assiyiyé,,Terrain,Agoè,Lomé,45000000.0,,1.0,https://tg.coinafrique.com/annonce/terrains/terrain-1-lot-agoe-assiyiye-5780538,,2026,2,2026-Q2
coinafrique_scraped,5780555,Terrain 1/2 lot - Agoè,,Terrain,Agoè,Lomé,17000000.0,,2.0,https://tg.coinafrique.com/annonce/terrains/terrain-1-2-lot-agoe-5780555,,2026,2,2026-Q2
coinafrique_scraped,5782515,Terrain 1 lot - Zanguéra,,Terrain,Zanguéra,Lomé,22000000.0,,1.0,https://tg.coinafrique.com/annonce/terrains/terrain-1-lot-zanguera-5782515,,2026,2,2026-Q2
coinafrique_scraped,5780541,Terrain 1 lot - Totsi,,Terrain,Totsi,Lomé,45000000.0,,1.0,https://tg.coinafrique.com/annonce/terrains/terrain-1-lot-totsi-5780541,,2026,2,2026-Q2
coinafrique_scraped,5778792,Terrain 1 lot à Agoè cacaveli,,Terrain,Agoè,Lomé,55000000.0,,1.0,https://tg.coinafrique.com/annonce/terrains/terrain-1-lot-a-agoe-cacaveli-5778792,,2026,2,2026-Q2
coinafrique_scraped,5778794,Terrain 4 lots  à Baguida,,Terrain,Baguida,Lomé,60000000.0,,4.0,https://tg.coinafrique.com/annonce/terrains/terrain-4-lots-a-baguida-5778794,,2026,2,2026-Q2
coinafrique_scraped,5787576,Vente villa duplex 5 pièces -   Avenou,vendre,Villa,Avenou,Lomé,165000000.0,5.0,,https://tg.coinafrique.com/annonce/villas/vente-villa-duplex-5-pieces-avenou-5787576,,2026,2,2026-Q2
coinafrique_scraped,5780530,Terrain 1 lot - Agoè,,Terrain,Agoè,Lomé,55000000.0,,1.0,https://tg.coinafrique.com/annonce/terrains/terrain-1-lot-agoe-5780530,,2026,2,2026-Q2
coinafrique_scraped,5769917,Location appartements 02 pièces Totsi,louer,Appartement,Totsi,Lomé,150000.0,2.0,,https://tg.coinafrique.com/annonce/appartements/location-appartements-02-pieces-totsi-5769917,,2026,2,2026-Q2
coinafrique_scraped,5775515,Location appartement de 02 pièces à wonyome au bord du goudron,louer,Appartement,Adidogomé,Lomé,80000.0,2.0,,https://tg.coinafrique.com/annonce/appartements/location-appartement-de-02-pieces-a-wonyome-au-bord-du-goudron-5775515,,2026,2,2026-Q2
coinafrique_scraped,5780535,Terrain 2 lots clôturé - feux voies complexe scolaires Kouvahey,,Terrain,Baguida,Lomé,60000000.0,,2.0,https://tg.coinafrique.com/annonce/terrains/terrain-2-lots-cloture-feux-voies-complexe-scolaires-kouvahey-5780535,,2026,2,2026-Q2
coinafrique_scraped,5780532,Terrain 1 lot - Assiyiyé,,Terrain,Baguida,Lomé,38000000.0,,1.0,https://tg.coinafrique.com/annonce/terrains/terrain-1-lot-assiyiye-5780532,,2026,2,2026-Q2
coinafrique_scraped,5780531,Terrain 1/2 lot - Agoè demakpoè,,Terrain,Agoè,Lomé,14000000.0,,2.0,https://tg.coinafrique.com/annonce/terrains/terrain-1-2-lot-agoe-demakpoe-5780531,,2026,2,2026-Q2
